,Sample_1,Sample_2,Sample_3,Sample_4,Sample_5,Sample_6,Sample_7,Sample_8,Sample_9,Sample_10,Sample_11,Sample_12,Sample_13,Sample_14,Sample_15,Sample_16,Sample_17,Sample_18,Sample_19,Sample_20
Gene_1,6.993428306022466,5.72347139765763,7.295377076201385,9.046059712816051,5.531693250553328,5.531726086101639,9.158425631014783,7.534869458305818,5.061051228130096,7.085120087171929,5.0731646143750755,5.068540492859486,6.483924543132068,2.173439510684404,2.5501643349739345,4.875424941518054,3.9743377593311524,6.628494665190548,4.183951848957578,3.175392597329417
Gene_2,8.931297537843108,5.548447399026928,6.1350564093758475,3.1505036275730864,4.911234550949635,6.2218451794197325,3.6980128451553944,6.751396036691344,4.7987226201623905,5.416612500413446,4.796586775541206,9.704556369017876,5.973005550524132,3.8845781420881993,7.645089824206378,3.5583127000579555,6.4177271900095105,2.080659752240449,3.343627902203139,6.393722471738247
Gene_3,7.476933159990821,6.342736562379941,5.768703435223519,5.3977926088214225,3.0429560192651453,4.5603115832105825,5.078722458080425,8.11424445243783,6.687236579136923,2.473919689274532,6.64816793878959,5.229835439167367,4.646155999388083,7.2233525776817356,8.061999044991902,7.862560238232398,4.321564953554723,5.381575248297571,6.662526862807128,7.951090254244718
Gene_4,5.04165152430942,5.628682046672366,3.7873300519879436,3.6075867518386584,7.625051644788396,8.712480057141645,5.855979756839332,8.007065795784047,6.723272050095268,4.709760490789751,6.722791211016828,9.076073132931938,5.928347921780097,9.129287311628012,0.7605097918205113,7.643805008750448,6.174094136476342,5.401985299068265,6.183521553071005,2.0248621707982144
Gene_5,5.560656224324976,6.7142251430234925,8.955788089483033,4.963459563452705,4.3830127942136246,4.996485912830927,7.830804235404148,6.657502219319369,4.940479592465922,7.026534866226712,6.194155098696081,7.937289981065779,4.595893812245295,5.3446757068044635,5.215783693735685,3.072970103735763,6.592240554129152,6.522110544359778,6.010226913284922,5.530825733249706
Gene_6,3.1692585158991715,5.158709354469282,5.314570966946461,4.395445461556762,5.677428576667982,6.8081017136290765,9.77237180242106,6.349155625663678,6.515100781445529,5.851108168467666,2.162457569401917,5.946972249101567,6.120460419882053,10.926484224970572,5.615278070437755,6.603094684667225,5.9305764605895135,3.662643924760936,8.285645629030041,7.503866065373549
Gene_7,7.582063894086094,4.181225090410522,8.805588621872198,3.1962978744154382,7.173714187600541,10.380911251619956,4.0189273497386235,4.867404540794456,6.199302730175282,4.993048691767601,2.8986731378677346,6.137125949612055,3.8753925725477902,6.9471848612703635,4.1611515315323935,9.09986881003508,4.433493415327526,5.355876967588649,7.62703443473934,3.5382713671320896
Gene_8,6.4549198692082586,8.614285508564857,2.785033530877545,6.369267717064608,6.519765588496847,7.563645743554621,3.526098578243836,3.3590867738314474,7.0438831312337955,6.5939693464663724,6.5009857006917535,6.692896418993952,4.639950556843019,6.464507394322007,6.586144946597362,4.571297163947264,9.731549022289514,6.947665841823575,3.617393005594703,7.313107217267659
Gene_9,4.050636659545357,7.574169207484904,8.317191158014808,4.358635363296579,7.926752258488643,6.825561853872997,7.64412031998898,9.793585965307894,5.509223767994259,4.492527671285021,4.220971140748953,4.368379430069123,5.845796581171792,6.682303949633288,6.553381598660038,7.654366498072047,6.026003783755814,8.907068154314633,5.470686333524088,11.440338333179238
Gene_10,7.251334695530012,4.2856848871674345,3.8582150038777754,6.96494483048637,5.553074429348298,7.428000988184184,6.94647524914709,5.854342174686255,4.30641256386319,2.9703055506282707,5.106970095865957,7.712797588646945,6.4281874882604075,3.508522442576024,6.346361851702364,6.770634759457674,4.232285127597734,6.307450211891056,6.116417436892,3.714059404338754
Gene_11,6.715574720696567,7.121569052736469,8.166102486350553,8.107604104069805,3.244661264085818,4.124349920169754,7.0300705344173195,7.027571901824418,7.030095372612096,13.705462981309442,7.141781021386334,8.271131280361198,7.908003526986405,7.302782502611596,5.369461510719309,7.517938440986535,4.454349570924856,5.526362786519982,5.029272904341793,6.163748278772645
Gene_12,10.629317133347017,2.265469614816504,7.372520380749027,2.7745682576206967,5.056136268421133,8.177901193934732,6.128560038190925,3.8445104441413878,4.569392581480064,7.359195497869352,4.539266736565727,6.43291717916395,6.091143679807628,4.696799304788366,10.28788817865065,7.267838044636022,1.9497148266847857,6.3729086295388555,4.676427070463224,7.704866669592448
Gene_13,4.414958523134599,5.770527117066202,7.0099745579609145,7.731510388340243,3.5994071858884475,5.330997528318103,5.050109377678088,4.693341534852577,9.530908480562193,6.809963421921911,3.4782320913299096,7.835723894109552,10.244312394025266,8.064930521102294,2.961260068091973,5.031531854267497,8.533822298373245,4.584661068762438,6.887638856292456,7.5492681068586736
Gene_14,4.146139056843834,5.8809492878764,-0.48253468013814516,3.9512247173314203,5.494863697213679,3.504433636070301,9.26482260786327,3.1397172440787346,5.119911026606032,6.2614811545721825,8.882546578132231,3.1282756976411212,8.32632750430992,6.020466122039174,4.036982697904098,6.924206948526542,6.39811939114694,4.799566245682411,6.139604169980037,5.22937280627648
Gene_15,6.227034690502496,7.324261349042093,9.172033632290704,3.524369002346302,10.266066749312532,2.0958244009549962,5.6964298099288335,7.176634412969153,6.561983735470065,4.754600960358813,5.5837554992854495,5.013998130682334,4.821270486111577,7.699204194042049,6.714030971930095,4.614180809478691,7.799199750866501,6.614599041753219,7.62572423767792,7.259257683847224
Gene_16,4.342009978155856,4.879637919606061,7.494587210246523,7.22074053086693,5.958196812071704,6.234654766617564,8.555329791576849,4.81685722232834,7.094194762340075,5.595614695132212,5.56463759354556,8.19755370397438,7.6508326979760595,7.627019272001277,8.610957614308658,6.042007683265518,7.363905942589928,5.379466486813088,6.648332704976884,5.739713891264631
Gene_17,6.193991929985437,7.190314050873827,4.363558633533055,10.184774551370921,3.987965237000596,3.5716227744245357,8.316221747000135,7.583325387925871,7.24823963410431,7.25669101852856,5.975506454306171,4.205491257028337,6.151609116387453,4.645676576975776,7.9502394668355025,5.705885236995723,4.349005606414977,5.357228316694013,6.825862908551248,4.872550894392051
Gene_18,4.355559208867137,6.487374422983825,6.4899331422174455,4.9861136492577405,5.057923388763355,6.464099874715273,3.1038313170053518,3.1850724512468895,4.563111557495128,5.573105696576306,6.621815131196009,8.950712433899104,7.7153192464040385,5.680122940073145,5.961967584194622,3.9949412707243823,5.96297372801522,5.422682722159723,6.645437120676179,4.345538112895354
Gene_19,7.038693028482345,9.065477826005155,5.782479703086285,6.8034234441978825,7.380287983422225,5.197559056228328,6.448184963620833,6.02518480156359,6.195352197097663,4.453980432289067,6.049020348517885,6.9959965824909,8.902287215590084,7.918541652170414,10.306364915023114,4.465304874223901,7.744641273441356,6.366684011476703,10.379605866435345,4.383403429289697
Gene_20,4.320556315638448,4.801214709111956,1.7522085513803862,4.948489956638478,4.481734676892604,6.300787572952415,6.683511951554319,9.752341678431772,7.9008476763721,4.846192688675194,4.203170657303284,6.983838343013011,3.3595335859587157,9.662917531708707,8.358880241442574,5.06164869579059,2.573730941818245,8.707744748330825,5.770920309494764,8.475632623946924
Gene_21,2.811144682411266,4.801249954092454,6.010487399436366,6.093961187529484,5.099869057041513,7.2456998646949975,3.8647591412348112,5.715241029957413,6.240591263423798,7.028877668117498,7.423229756177779,3.7507158163242615,2.9317716585287554,8.555353643797018,6.6646280239591835,4.503026926886893,9.102303951045046,6.231349268585717,8.358594368127653,6.135036962820218
Gene_22,10.121495849763974,9.510681684886409,5.502071703041853,7.943141901908711,7.290751899170295,8.737263115064698,4.070153078839791,7.372102919996879,8.116848973699176,2.4825210271537714,3.63348297466845,1.9215356444797989,5.461186331110884,7.435084511591924,9.004714104192056,6.14818956083955,9.257231091142584,3.2397970835702172,2.5932351212896907,5.888904602206763
Gene_23,6.768130897878614,5.934610503811814,1.8651157999202468,5.821759920974423,3.3910609989902936,7.339345097660077,6.733196492193697,4.12024042734529,4.972266165326613,3.881572956222097,5.874641805453656,7.910284641002477,4.028547907328912,7.008093031035688,4.939484763255118,4.414254335475311,5.785939280090885,3.929515355161252,4.8927013893056355,3.604244214822303
Gene_24,9.929450265832779,6.070527103943458,4.600548984014829,6.427959821468444,5.77534390061834,5.558060800933554,7.22833340008685,7.51501542009461,4.938997704778945,4.84836351871064,5.449896605696712,1.3961576705288303,2.9696178756028955,8.733748534889049,9.289935427002568,5.501927920887243,7.153113926111533,6.622500309087072,12.157761616910475,8.239149822869154
Gene_25,5.744164817038467,4.088919118799149,2.787107359484855,6.406927271734446,4.487298509431393,3.1554925808046517,4.706854231514947,3.83690399277121,9.37428327014513,7.763279513898901,5.9840547173667655,8.959888277780053,6.154736615295237,4.2774315973434724,9.046248154539315,7.077820087369317,3.925507691347087,5.619322643832784,4.248763493230486,3.234400538071328
Gene_26,7.852355095063283,9.818833280940261,3.2028648523617176,7.125938473381142,4.698714861756346,5.0257492324706075,4.815212151522262,4.272018460640368,6.097043255889654,4.3380997671779244,6.540913651559678,5.899523781101726,5.522103906267181,4.184872675916804,4.846457338863335,7.510782451651512,7.0018343752487615,4.044889510402898,6.198664610858452,7.502774246743578
Gene_27,2.6611894377572565,7.08672038475987,4.674752482108307,7.141197337186319,4.473481686914966,2.390235798670962,2.7449151242336747,6.096169893322764,6.519445003442963,4.191366749791182,7.277184917554748,2.6769598754620803,5.867840402705367,3.5779676004750867,4.696327784395682,6.094797342632828,4.279173269432095,5.230888911540349,8.012585618428881,4.846216260953702
Gene_28,7.671384224130284,3.740586290684764,7.059608355830566,8.8831372413158,1.0567109997454214,4.406209489059046,7.15414425436108,5.593909227914015,6.742291746742618,4.792029626568359,6.1731795749458,5.688645529215841,8.335564123319614,6.508841686602426,6.675205324150404,5.1762460677550655,5.024787551855013,5.134883624360758,6.788904284756594,5.158031038359474
Gene_29,6.579549713792826,10.150801597290878,7.742249406863385,5.347952935664318,8.402427844327889,5.183849253956897,1.9237509296442923,3.983827378165192,2.2584161579482886,5.296973031917383,6.036836758379104,9.352874624550566,6.653854747528325,5.561798942382271,7.658811162366979,1.5777293819842297,6.471229116217132,7.541730387773933,3.042827508440317,8.287508086413858
Gene_30,6.676992814988829,5.169424172198397,7.26556373221257,10.541385715608792,6.36373251011699,6.496441172600672,5.081278200919511,4.300311261070417,7.660671633088491,4.287832348182265,6.143132474438785,5.044685106469767,6.957959651492784,6.667324210573897,8.075079888515798,4.979967202290506,5.460250129413257,4.042472568435385,5.111413479847776,6.754600986089704
Gene_31,7.513977233290704,4.155669351644749,7.73921184021132,8.711275717609901,6.826869806447402,9.753591625116131,4.452421601792854,3.510690593377166,2.442559502191443,8.992088622978367,7.308731312708115,5.8888306581790895,6.5599372526396404,3.749021905403247,10.891503959233653,6.258442363950455,6.218789589209786,7.451533247797384,6.962018463473426,6.447768048558263
Gene_32,4.419051089109376,6.942936714271991,9.764048992950068,8.690840092309955,9.186373253278795,4.9775686471376295,4.020790359482838,5.748426159800704,6.111449824577389,8.188383036941897,2.6150707405703613,9.059100638921228,5.683984202842021,5.14623786010516,3.975791249479665,2.6902866562684613,7.646341167923829,6.146635934376808,3.4200782005178922,3.409842455872768
Gene_33,5.328430601419743,9.338043050578786,5.48081729727279,2.9937140937637876,5.508513871828112,5.454552860504659,0.6062267141168567,5.8914102669643755,5.538130939582644,7.3924127296268365,9.69791218989069,8.253130059095515,5.462222618890339,3.7869481825166593,11.14671960649972,6.118436868028977,6.027858583825893,5.951749825779993,6.39616952153571,5.711279176152115
Gene_34,4.852675986239527,4.906282117519216,5.934493459568003,4.9131504577324705,4.574308434645671,6.212860455383794,5.490045565158289,9.007985977165378,0.698060383213976,8.183013703844924,8.492170384995259,1.853219535183701,5.314624811839303,5.257118268008417,3.1849766105643575,4.444366624818249,3.7788483090683425,9.504540886847245,7.871356786294922,8.543110189988317
Gene_35,7.44334412808647,3.7418964575655416,4.950959467440453,6.978749122455836,3.5557443822161092,7.425996860344776,5.5193492036837295,5.250358384900805,7.421919936406983,6.88852662297208,5.278067668361841,8.318659606728495,3.8378733448002054,7.231871213888527,7.186202515936768,5.38090712137202,6.652266044484236,3.497772847229394,7.848054038413802,5.630195727114022
Gene_36,4.954553958961921,8.098018451673779,4.591312618914482,3.1830774072728807,2.8867416529521925,7.21201990269128,3.439141295007434,9.50958836396873,1.836141184232556,9.392912736580076,6.422034934405237,5.806573776259215,4.910161826382101,6.798272228704142,5.9247305951503035,8.206603764033042,6.228455297324079,6.300603522923756,5.272775575572288,5.886108752557865
Gene_37,6.615603537784119,2.579663214686749,3.303629155788574,7.48652818804543,6.341730876255884,5.632033327294642,6.036867866130787,6.695163410723342,4.920480639381277,4.4433905491953745,6.391690510195363,4.043254444769936,6.816505511428944,2.5948327915243192,8.058311274651288,6.9451949648260864,6.5120594686277515,7.965381967891028,9.330948888925153,8.028740130036262
Gene_38,2.3182515373367094,3.440846066528597,4.7503628446086426,6.052182100421668,7.035318040938246,4.548512373693069,6.373533528954157,4.489234135293355,4.776964394016104,3.1866778063035555,4.153533507778191,3.2966307887673327,4.048253494045334,8.10728359321568,4.101202222336114,11.26476412967478,6.9866358017617785,6.369672247389747,4.283284439637573,7.4006197588179825
Gene_39,4.848724347524453,6.244019629290723,11.12016907653759,5.8078802005507,8.298546652571352,4.593647149748225,5.930023019006077,9.54160127127102,4.746065884424465,9.624897115993857,7.415503870910951,4.875066448211465,7.264815478111042,7.9451088992534595,7.243619924434393,2.859550560219087,4.545725648350263,5.504962728896991,5.851133141799908,7.241344195101356
Gene_40,6.355402001866508,3.3293112825797975,6.760395702011927,7.221171490567646,7.11958089586208,8.161561451109243,7.667844309097808,6.918360158456873,5.859668577082706,2.678078132968017,6.859236438265172,6.4153753743262225,6.543157674390747,3.446502848359381,3.8378869191834752,8.106305706665808,5.92088969228669,7.363001394745249,6.056636752260922,6.05951227899149
Gene_41,7.876567611951995,4.967910543565252,6.192241553881967,5.075449422589915,5.131007545135369,5.381655753062721,6.444267543267426,5.042502756673045,8.511512251147042,4.210785395560992,5.626256711677282,5.12053788345165,8.893955768707466,6.393109553023149,8.06368907893727,3.028879253926056,6.534100531738518,7.779261591246874,6.164567978550848,8.130960750130702
Gene_42,4.9654230997992554,8.81869488037116,10.5977962472385,5.274322879120682,5.1089949571984565,8.906768954235401,9.159144291461425,4.954279945693464,5.159626365808285,5.436430782278985,3.311098977931446,4.1626961070316035,3.9917184664958643,4.464404869791743,5.930630225226437,6.468429465073042,9.101000985628154,4.003291918522418,7.968644796953168,5.572022311548982
Gene_43,5.901072580695134,7.3496389843332075,3.7545559568754028,6.764819492368101,6.332904416426112,6.984902528016298,6.5783372878156365,10.91060027982179,4.724520031497368,4.938006089996365,4.753718947150471,4.8890457616794905,4.725225745386965,8.378033062215103,8.84100849597971,4.858507412501048,4.335288853791543,6.942831112772808,4.895553911438057,7.265863635511021
Gene_44,6.405846041702599,2.968511770005536,9.095010402660122,9.591755346191043,4.7744226190312276,5.224596880128032,6.57173078144981,6.66891357997405,7.317088545345661,10.0204090775327,5.646105545011901,4.4034055109230925,3.2413615439709456,4.538139920116162,5.933746054252405,9.589115727035576,4.964777401927657,6.447575903277797,5.967154207854496,8.376786546896168
Gene_45,11.053864851747242,4.938262454159359,5.021121114963556,8.088321754138144,7.363782979252623,9.693414651472068,7.167856370651927,5.281415818425881,7.181309661384619,8.217407161165816,7.640964362394728,7.014548062214596,8.133349379178307,8.338591180891346,8.764317982075054,7.297419775179286,5.665763839366291,6.293427372866645,8.413017933016715,4.366128658025528
Gene_46,6.737346617745803,5.213322375345278,6.057489645869635,8.556903725214598,6.382198136039807,6.092873096312298,3.2802877180401615,7.492507132054442,7.29096836228215,10.32650944661092,5.384443530093998,6.438300655327878,6.498767367421511,9.15490655952695,5.809408935226096,6.558043051540679,7.215793019433079,6.3732182463127165,5.107132770898944,6.388179985796615
Gene_47,8.147263499719545,3.9469694011778795,6.265939348293752,4.599758370121654,8.390093257849685,2.9536261904324506,4.8821563054568236,6.754423750129042,9.13104805846868,5.868499477854025,4.889600946613603,9.76231413888118,3.103972199167512,1.6023880867598361,6.880028900106665,4.995891551294777,3.9575343657385735,7.416712894598707,6.487601427542398,4.871842738526543
Gene_48,3.439391202658211,7.744914656560289,7.300402355917322,5.801648272441234,9.693273992095332,3.859830467347695,2.9489496581505223,4.616183860237511,5.908827967289004,6.486678898645383,5.5175278842873405,6.704110793028594,3.496921151619112,8.88752920814652,5.835697643214862,8.234591663176255,6.685450692755408,6.913506438307568,7.139534560464408,6.8954171200346295
Gene_49,7.285445519735088,8.658305060264862,6.39304233940294,7.418007515177025,5.820528611425546,8.880234430898945,4.64721539588146,9.60188086582163,5.919684098711313,3.1384497957639037,6.2562088298215786,4.637896685050238,7.681287097977448,4.694752041395218,5.107633133570441,2.220918538108938,5.095387361501847,1.1522413467420867,2.8321943530285534,7.520829312288595
Gene_50,7.571600317301664,6.85091512356993,4.066047713741574,5.90457728771604,5.992794921818863,3.6832706216149145,9.006796603534301,7.7547245811513426,5.558071652340672,6.053771677989062,6.416765615895105,1.9165302631514187,5.5056452349588065,4.636031504004403,3.996759980210169,5.43779941422809,9.595373053699046,7.28168572253402,4.857642020434406,7.145165562712317
Gene_51,8.798710873172004,7.849267365825538,6.119260739840349,4.706126444588852,7.39644662722718,6.786970770843499,7.790386440055465,7.270343603363939,8.09910543063867,4.929529576878864,8.634788131268651,6.395199209384799,10.150521745250531,4.621624363820864,9.4719276063305,6.395821566925296,4.697163992771103,5.032228331891357,5.3593053836113596,6.848331892803833
Gene_52,7.0456709760709995,4.852599992122842,5.951290815478035,10.284540717223727,9.455086340201422,6.872647339348064,6.076006956336401,6.240062653436523,7.227035945460833,3.954414869603189,5.48524692515331,2.662831852244821,6.798446245210559,7.294391879405482,5.033627075401252,9.147973526580065,3.5484686739953175,3.0712502395803596,6.448903637119944,8.094196605224308
Gene_53,9.367855382915737,5.0822314742621195,8.157361666862592,5.922983060998585,5.654745400118361,7.767319874973345,7.304645756826839,2.847215686031501,8.953080699451792,8.760182708294902,4.748874596980941,6.791607066874818,6.988060372565478,6.521347531647814,4.8993896923091595,4.656753264123897,5.9488918580171095,8.345458038518728,7.087200309188865,5.258771335827788
Gene_54,7.54339742129669,0.3029147587398491,8.297531400744207,2.5205724424438007,5.275118117193736,3.7606602107477123,3.4106370485581885,8.32165357475704,5.064597597376217,6.693007763461432,5.906158842241632,6.954081654446243,6.15364378212051,3.4340155516228608,7.99253363889428,5.012486833677375,2.886836202680498,5.143769678068175,9.00151958126862,7.7004434842269855
Gene_55,5.302695731184282,5.301484591363143,5.356729897565235,10.153495967121682,6.763870904463107,6.8600832943821395,8.060566908063684,6.477578318053027,5.481915708358594,5.607300301830043,5.856797481171872,5.925555526980316,7.4552590872739595,6.103891771614599,7.465280154431158,5.838566839782835,6.157270380632181,2.0035986309357847,7.832655349404963,6.692976951795986
Gene_56,7.996020219719305,0.20748924361262144,10.176749409561456,5.720820743689653,8.216365633475032,3.9201881457489383,7.225547810125139,3.8931688736526877,4.7524620786083895,9.828062707733572,5.6186351984733065,6.434865746359446,7.740135461377508,6.991363775945209,6.3008378102871525,6.729922004932451,10.80683117047655,5.884762405932829,6.402198093429935,8.101308792015224
Gene_57,8.211051865915968,8.374060611120761,7.277460444058369,3.713990174539033,9.266863064602191,3.707309213962624,6.605270930478066,4.491448299961284,5.871723306814015,6.657524820606961,6.642714430900546,6.84384150847057,9.227422538117294,6.90706860302796,5.511686729418702,7.928174336576714,8.37894097784928,3.544784369726015,7.194800139699716,7.402345484621796
Gene_58,5.404872993280016,8.75141362662324,5.699888825934947,6.2511529069430845,5.65385635143226,6.031158095162935,3.8074498262095964,3.1198982348114113,9.189010126449944,4.306077303363344,4.0172153010873854,1.6932197727925704,4.722076504620995,3.3538204131850033,9.284030320272738,8.01963417868527,4.623699309644552,10.504871610688618,7.963530973983189,5.350337232982755
Gene_59,1.0011885702528538,10.581885145181484,3.220855066472808,2.7092025060862164,8.045140864019281,10.879504812678546,8.768545637021036,7.12781824010472,7.189508683330572,7.706831117560616,7.5178571795735305,6.562382847938752,6.208402207903752,5.874813744200956,4.492070822266648,5.438649846266452,2.614086371609229,5.8033207464105,4.022817785698165,3.792821365568458
Gene_60,6.359788302306957,8.784004572689199,7.836633212004626,2.858998792753646,4.020743726859325,7.881542375976432,4.035025212923381,5.550733700005951,7.100104198049104,4.063311090272729,6.21075101229192,3.331949010163591,4.797264712097572,6.639563868285074,2.8140125329366614,6.880949475920798,5.960724402146638,7.104979908834295,6.447828268129323,8.728280859947688
Gene_61,6.250449005295814,5.141188917749494,6.244595006064568,7.086596058072776,6.0977201406514085,6.081183382407764,4.59601662438649,4.674198164898104,3.194789456400613,9.499153486373878,3.51227352921743,4.614189604408185,4.563185468861605,7.789848753888883,5.410100643415944,8.495484145347469,4.653018751512263,6.557988324447604,4.329305893480486,10.290298255546777
Gene_62,3.6248031619409744,6.619641420454055,7.267553761864197,6.827598194902997,5.629424682244584,5.740358600533147,6.087622943958219,5.705995996743023,7.927758233589819,10.421046003182703,4.885016429984333,3.2603940408418444,5.82343590329749,11.159418675308636,4.392650864060538,9.278233610888135,9.355401628152881,4.892823516584011,7.137966158370551,9.256793246257075
Gene_63,5.241744518025026,5.592839279795276,4.836638172102712,3.9704865386142663,4.701444909867986,3.552119466475487,6.068166936518452,4.460053537882716,6.467571823581496,2.8882087075927454,6.661760464428914,7.6670579232178495,2.012528714857089,6.748113139695144,8.455337984946585,3.580717962617589,9.345144773675408,6.838038018732091,4.589976288483182,5.8884618446845876
Gene_64,7.116653825043445,6.152010782824823,7.077511984892738,4.158652813841267,6.3387216480721555,3.1725710061900396,5.7775478773026,4.19218471707042,4.528940114820466,8.472186350420875,8.182620241188538,7.218276241814354,3.815374470654842,5.367183100610396,8.426195399958367,6.28343382727981,10.63865907996339,6.786635678788744,6.3840982329800635,5.3817670715949975
Gene_65,6.267081809564565,5.695060327238912,7.416217353377181,7.913404633589169,4.428021078984101,3.337534092884444,2.327589253793407,7.015982653825088,3.793266787652253,1.6942188140950343,6.7771572090619285,10.985999034865582,5.987858176920214,7.676981548903283,6.16365871709513,5.8022206936177145,7.838152965975537,5.419450911622698,6.534784628143806,6.643395612392027
Gene_66,4.6638190927139025,7.984084699073046,5.650080486609182,4.48850968101431,7.073019687140807,4.203064036417926,6.056362314738257,5.981762006711593,8.171791131663156,6.949396465759905,5.949946082509713,7.635532598400574,8.780415098034627,7.115620612703724,6.0207052396867615,3.376327535299681,3.869772673849255,5.389550591290664,4.780975595681434,5.626057394029108
Gene_67,6.113299849794214,7.059385508713461,5.859002443881818,6.9730032876524035,6.12894882962024,2.0490668672922574,4.121329212362491,5.7118248885567695,3.580610514317785,7.199857459992409,9.061501664687395,8.437523703394634,5.573114258139584,8.981452273699905,6.297334914404223,5.325828057763921,4.7731946729181205,5.395060627023743,5.223646362917543,6.340832444750975
Gene_68,6.3211479620997295,6.006092040306829,6.8738763394927,8.381292549572683,7.899108270882648,3.030204063100193,0.8921577301960903,7.868639822478547,3.266242603169158,5.550469196214633,3.659773947881281,2.3960391248399606,7.082925456409576,7.518310320605294,4.846979198546562,0.8179154157101802,4.907511103495034,6.783608010805093,3.0421768624517425,6.3667198395583116
Gene_69,5.969380301654009,7.158582999202177,6.239160736828307,4.053862118236889,8.393143003328984,5.68294085394606,5.945390920980136,4.133464081853608,5.11343549761698,4.230394571946198,5.654107880153154,9.423416960284687,3.2561977141372873,2.7728772042465177,8.942340654987216,5.581352645696268,4.661854522680167,8.079809374792152,4.788768920526271,9.652019427093872
Gene_70,7.355851742678539,5.024177183708595,10.314616426531007,4.788570153993323,7.484190744018614,6.598585160812984,8.603482578797596,9.123022393453706,6.064008298131533,4.493164259307633,6.919944285878233,4.644569260495787,10.026774495053246,6.273070662165475,5.269356897375783,6.3693606117298165,3.305747420940607,4.056771922978697,8.400827815888851,4.686211442057209
Gene_71,3.906178034636121,7.073305505054572,8.371408309325993,7.437906621330134,7.992095371611633,4.486409822861079,3.1563786665163125,9.002667303910973,5.354640322315729,5.498333967089906,8.656388283698115,7.11246001880132,6.911775544163215,10.330004689802168,4.7129635392397144,7.855680256162474,6.114026249794169,6.537184557726514,9.056936852825064,7.015671512579248
Gene_72,7.076592158099266,8.145014674619604,5.270094540914229,4.321580665321987,3.910381611957933,2.0672868212479965,10.112414259880644,3.7935832685566337,5.557492752828456,5.446373400222159,6.614813395618201,7.6314744250785935,7.720946976719491,4.833845122862123,5.665756572427177,6.5651599009765995,5.502617747632906,9.214691152039986,6.981949903276503,7.4697555720996345
Gene_73,7.325762537334826,8.34694771497065,6.3620431174074135,3.406336104088307,6.799375903505283,4.697286212416342,4.942766636500487,7.172728037510186,8.476566142867272,6.042543153472123,6.617666025197927,9.404429889270476,6.4815063589771365,11.203366228360789,7.1310192912630885,2.4784744816883646,7.506683242209065,6.7623167697655555,8.579505508165491,7.346362702539917
Gene_74,5.723088032032452,3.5514035274212685,5.58195348542795,4.2989590915814,4.838953100390555,7.177156808841219,9.339809008702812,6.7893430596459625,3.6082338759296313,6.889205336440281,8.393262973291302,4.780434191361236,5.7319656666541645,6.0293763894583945,4.4302033738355195,7.2965608676877185,5.758103702784437,6.839064887814056,4.2250156443958,5.125083399353179
Gene_75,7.444762715655543,5.254333695816466,9.45392770246681,5.200727628770795,6.449369451503772,7.8651816637461796,3.1632685341339366,2.4783823760384482,2.9486873708598105,8.525168206854364,4.8962837082151065,11.116398571336504,4.871504802685223,6.369102606394074,9.08421990513575,10.012185776318246,10.123007153272795,8.416732461186285,8.048125051622925,7.185053898402366
Gene_76,7.5567221523332755,4.897628567342933,4.363602233155386,5.993251085178096,5.659630754950143,5.093543901345449,7.392774894913431,7.910610417141021,6.176813772583695,8.955060162110524,3.71662177173299,5.612681081440564,4.56635535879439,2.26692676585388,5.834638628314601,5.756504983233433,9.026899486484261,7.2616233691095555,3.95162635134159,9.708185132668376
Gene_77,8.442067391050706,7.164195406937232,5.547031802300336,4.081121526553041,5.255586447857894,8.177497239408371,9.769172611869218,9.086487056544378,5.022301156427452,3.7607651334219776,6.281772493822408,2.4631212688742967,6.646335428369563,5.7047948274026625,5.067926996263515,2.810593865466409,7.027200213139433,4.934598320676177,3.660166328579424,0.25547557343670135
Gene_78,5.9449701898987275,9.544503193339487,9.32251842909574,5.0858074868274565,4.795575879276439,6.937548512150047,4.003229121623417,6.6035837996389315,7.53216055676938,8.453866447768615,5.799691847040094,5.592652499646068,4.244034826486878,4.34623929192028,5.547042216196947,6.734731013632356,7.827169252466499,4.39364209863931,8.985377137919043,5.457752797914862
Gene_79,5.957265411303128,4.505576641704353,1.1515194794541168,7.7680907927220995,7.473687794184867,5.437344885763573,6.133981434449744,7.031878435408199,2.8749082862269146,4.941894645307411,7.588529359243655,3.491421153661501,6.587115864333258,3.28683639075319,6.932859964867053,5.9287170354050325,2.769736368188981,8.329478708914342,4.530816846403901,4.379495125971238
Gene_80,6.401138394461886,8.29727469885743,3.968356362043206,6.123359699695944,6.857633000661146,7.386211214526288,6.35288311055445,5.265944321833356,4.344819558702561,6.172287766092749,3.855721976028786,0.1572990330107853,6.873119608315336,7.807869682172391,1.2741351289163232,3.980538590580125,7.238308522010396,10.114990939423397,6.041587415350816,4.543994117541731
Gene_81,5.63420711779032,8.74975283829637,4.708071641750929,4.401615986699493,5.034512955635935,4.0933427834825755,6.245340631989591,9.24935691693912,6.6461585462320585,5.495292995747425,5.416377462168912,2.873618382606686,7.766219554294318,5.8443256059743955,5.639040172818749,12.38621513568972,6.597505816731372,4.496417899809631,5.147284807588913,8.29689141839351
Gene_82,6.226540821075529,3.1234440433652666,7.838457869150407,4.663711828922012,9.74659555243509,8.160096131429297,5.1053562086824975,8.562032723470226,6.1357110210548065,7.705547350244439,6.96946563458895,4.307286690018253,4.712900335365076,8.059921635162322,5.330449335786918,5.1927030735160065,4.0897548413012945,6.847198131186922,10.12504983848629,3.8649341714914542
Gene_83,6.0484389133455165,8.824441110830858,5.84071721750857,6.904743592499468,3.8752129437062406,6.856614194415297,5.625711469990902,7.971459991359726,8.374772103129501,11.179127284037229,7.1592663464271515,6.6515926331643325,6.388768603154672,5.293667414378623,6.6769676869233825,5.409197179721941,6.336921952539228,8.63519507121592,3.9869148694407177,8.27975712225809
Gene_84,8.634230134679731,5.763862946017842,1.7562902019828108,4.784356025811135,8.593989093122218,5.954263875402236,4.001395535410179,4.990450157543565,7.681240053009106,7.093467136402759,5.522135801660611,5.266351176370625,5.216483701912356,4.155179631002995,9.230751378938884,5.35535906157732,8.434317041650992,9.042632103844902,7.996621796295921,5.136759374563903
Gene_85,6.807460180673219,5.951608787218167,4.192596278539744,6.6487185634432056,3.641920417680395,8.375358776923127,5.070765405403214,6.4023193117456785,6.566575743092284,5.482190052591846,7.17338760295055,5.050192686754951,7.742594594914488,3.308040639506503,6.2527591590928235,9.87785799811657,3.9993373507888506,4.6445100589502974,7.02781569931783,6.359163563879196
Gene_86,6.701260198547119,6.978374260295327,7.269442937123539,8.219399683912446,6.819637313857025,5.517484690762915,7.345147402405463,9.799763869790432,5.7347325072348525,4.050941390658717,8.214161338573945,5.759237672092803,1.6546609079719277,7.694843354300843,4.9293436280921545,5.818933435391679,6.663960661138029,6.380999359558133,7.418903634278079,5.129027258860313
Gene_87,7.026211596352166,5.4809066448321655,7.477620961775006,7.230734968026107,4.129122595910809,8.171964232350064,4.928073109771904,7.61611559656229,6.734574626802681,9.676367353590244,5.553068035256295,5.301366407763605,5.961160788224535,5.3936404343314495,7.5998838038841,2.767378783126824,3.892635161707292,3.864394156841614,7.900615183947151,9.42122674516385
Gene_88,5.791101562925057,5.662356553619979,6.140104326226362,8.323756605216381,4.145293731618851,6.47673796546957,7.95039525956486,7.002188339879691,6.379163233197486,8.002092185134282,0.5935354140015257,7.3557506390618155,4.691848633745153,2.338734206287086,7.022405199049961,8.747317090325915,5.725102970744616,7.905749094405878,9.22455651597729,8.629828907168095
Gene_89,9.279929058742786,7.484254982143785,6.150867277803186,2.796068376205663,5.507875023740103,4.313506809367617,10.341885434995628,5.648228375135327,6.2464096135689715,7.102970752080935,6.087204892744907,9.390102080861507,4.754701276531096,6.389214910474485,4.5150588286039035,3.3599549775585884,4.776461818189429,5.9259264059031755,5.1413955509654805,4.615158040252288
Gene_90,3.1873650726563323,5.83378885474261,2.9905592519379955,7.520111927379205,6.164879505869006,3.084897001070139,5.381581845900273,4.495687188818834,6.638349020838361,8.680900892046289,2.249655060708511,6.230052158294835,5.679734408866719,7.342680152900932,6.426393256475379,4.496061336522362,5.361892128666764,4.407948286393022,8.152014277197196,6.0426232973438845
Gene_91,9.802381371506016,5.878678372370758,4.583186466179074,2.9725712147743457,2.39372064748811,2.8317281139890205,6.534253302022967,7.017450046459867,2.837618595935733,7.790076628152231,5.033877896633121,6.293586023971098,9.224441256510849,7.793678631731064,5.4629387041883355,4.217615549169425,1.6963691973413901,4.56169336151516,5.577739522344611,4.025640945697632
Gene_92,5.737486065815391,6.153703765917537,5.550288036383843,4.6999948383530805,6.337309343933455,6.883881299138818,3.819201845114308,8.82186475949254,5.802823735431477,6.037699245889695,7.4164288465131145,6.466432262527003,7.90627326782649,6.574248330403648,4.775125250719125,6.723007050412203,3.7125475853586765,6.217119411553046,5.933540018711079,5.583766285454921
Gene_93,5.742924977122138,2.236301909004722,4.902550184518077,6.185689802282229,6.319712783994801,3.9446497181480837,8.531415681729401,4.267650303570998,7.938914401053474,6.854388723743369,4.707545380312394,9.550621785219024,3.61272633648704,7.8383083472200035,8.001164636085957,4.65875958184671,8.784930600128657,5.499906970802094,6.577387258559714,6.5206436775424415
Gene_94,5.731382517058904,7.621616546319564,7.586977441104426,2.5029360535236385,8.608680485756306,2.6750160239286513,8.065092408683315,8.253410273655167,3.8180671395696035,5.17837142409083,3.7885906630281285,5.570157939422529,5.383931431628517,7.55932106453868,8.620617492239216,8.791367621579912,4.875663946843396,5.581556252510945,2.6331236155580995,4.388259867007623
Gene_95,7.929703266194915,9.231165647096464,3.531302256240156,4.815071481694211,5.947188486082146,6.560322317639214,4.3807929601567075,6.8481220889281795,5.052321305858168,5.9710954582434415,7.092568496007399,6.0128445396218755,5.127228218946863,5.780780392148339,5.82327408158933,5.2599779402357445,5.482407874665795,9.197294341009433,7.121838895882478,5.409039363941679
Gene_96,7.393908809021472,5.33236102048798,8.346249275173282,6.739284384396187,5.7853957119915425,6.895433851620555,2.8582476958630014,3.7464650621803894,3.612149987201889,6.285886189527414,9.465029998970184,10.462600292385265,7.276102202881514,7.001688949888914,2.397884531694522,4.914652400531956,4.424432496183522,4.758304803497768,5.663712362830421,5.055818844605746
Gene_97,2.0414003792484245,7.495820512235068,3.854513948520387,6.478493728222299,10.148165339499947,4.161230816827153,0.9394249545073405,5.427991556239778,8.201919269997141,9.916694908441187,3.5409008110951663,6.993398446473043,5.069379086439893,5.788103291391729,11.28868669403407,2.9940593432096936,6.5074793229891466,6.935386343530866,8.171572649878694,6.1959663069417905
Gene_98,6.616101079008205,5.216702865156417,6.538253882490214,5.313615449005179,7.243143779712102,5.260779327912732,6.754200787804373,5.941474372630044,8.252100501544337,5.897212552823028,2.453935063586237,8.523843001427984,4.188535398274762,4.6924673227023606,4.808677411913016,8.748876186341635,1.728651572042609,12.275497067319987,8.112113618132103,6.4464778282583195
Gene_99,5.890211998767427,6.571108149715314,7.042244856758677,7.290431171900114,7.111208932006897,6.179161362510498,5.605323159385348,5.697453432692977,5.610183439294638,8.26754019373413,7.1871134445617235,0.11922273067143951,7.311801553059522,6.389472389437549,5.962582487108206,5.222963093822228,8.248225439972027,7.895052924245716,4.454244664352782,6.81410457424907
Gene_100,4.056686530917428,3.240763670422139,4.74656555082007,7.724786944765517,7.906250090752174,7.026170840194586,7.450191573695994,7.032356574229917,4.717036809554095,6.8638450893478815,7.600819050455365,7.508582659627148,8.377826742949285,7.416607694402128,6.702896415083166,8.140300476632856,5.9469574815018795,4.236250697544564,5.673866072112472,4.510194710387102
