TransactionID,CustomerID,Amount,Timestamp
T1_1,8270,223.52,2023-01-01 00:00:00
T1_2,1860,162.43,2023-01-01 00:01:00
T1_3,6390,30.72,2023-01-01 00:02:00
T1_4,6191,28.69,2023-01-01 00:03:00
T1_5,6734,15.54,2023-01-01 00:04:00
T1_6,7265,161.96,2023-01-01 00:05:00
T1_7,1466,216.83,2023-01-01 00:06:00
T1_8,5426,46.19,2023-01-01 00:07:00
T1_9,6578,3.18,2023-01-01 00:08:00
T1_10,9322,12.86,2023-01-01 00:09:00
T1_11,2685,515.65,2023-01-01 00:10:00
T1_12,1769,52.53,2023-01-01 00:11:00
T1_13,7949,219.95,2023-01-01 00:12:00
T1_14,3433,146.99,2023-01-01 00:13:00
T1_15,6311,72.18,2023-01-01 00:14:00
T1_16,6051,34.54,2023-01-01 00:15:00
T1_17,7420,19.41,2023-01-01 00:16:00
T1_18,2184,143.18,2023-01-01 00:17:00
T1_19,5555,223.5,2023-01-01 00:18:00
T1_20,4385,154.88,2023-01-01 00:19:00
T1_21,7396,113.35,2023-01-01 00:20:00
T1_22,9666,6.43,2023-01-01 00:21:00
T1_23,3558,518.61,2023-01-01 00:22:00
T1_24,8849,240.45,2023-01-01 00:23:00
T1_25,3047,51.97,2023-01-01 00:24:00
T1_26,3747,586.58,2023-01-01 00:25:00
T1_27,1189,138.15,2023-01-01 00:26:00
T1_28,3734,130.99,2023-01-01 00:27:00
T1_29,4005,206.79,2023-01-01 00:28:00
T1_30,5658,250.51,2023-01-01 00:29:00
T1_31,2899,160.28,2023-01-01 00:30:00
T1_32,8734,20.56,2023-01-01 00:31:00
T1_33,2267,61.93,2023-01-01 00:32:00
T1_34,2528,394.84,2023-01-01 00:33:00
T1_35,4556,38.16,2023-01-01 00:34:00
T1_36,4890,69.82,2023-01-01 00:35:00
T1_37,9838,84.87,2023-01-01 00:36:00
T1_38,6393,86.81,2023-01-01 00:37:00
T1_39,9792,142.38,2023-01-01 00:38:00
T1_40,9433,429.91,2023-01-01 00:39:00
T1_41,8513,41.3,2023-01-01 00:40:00
T1_42,3612,19.43,2023-01-01 00:41:00
T1_43,8041,33.0,2023-01-01 00:42:00
T1_44,7235,326.96,2023-01-01 00:43:00
T1_45,6486,155.69,2023-01-01 00:44:00
T1_46,8099,50.51,2023-01-01 00:45:00
T1_47,1775,253.88,2023-01-01 00:46:00
T1_48,9226,296.39,2023-01-01 00:47:00
T1_49,4152,281.12,2023-01-01 00:48:00
T1_50,2585,376.86,2023-01-01 00:49:00
T1_51,4943,43.6,2023-01-01 00:50:00
T1_52,8555,211.0,2023-01-01 00:51:00
T1_53,4073,92.58,2023-01-01 00:52:00
T1_54,2021,276.77,2023-01-01 00:53:00
T1_55,4843,195.56,2023-01-01 00:54:00
T1_56,8989,224.72,2023-01-01 00:55:00
T1_57,7873,160.14,2023-01-01 00:56:00
T1_58,6675,29.3,2023-01-01 00:57:00
T1_59,1161,118.13,2023-01-01 00:58:00
T1_60,5297,626.69,2023-01-01 00:59:00
T1_61,1995,415.62,2023-01-01 01:00:00
T1_62,8629,6.62,2023-01-01 01:01:00
T1_63,2016,27.02,2023-01-01 01:02:00
T1_64,8869,21.19,2023-01-01 01:03:00
T1_65,7439,194.18,2023-01-01 01:04:00
T1_66,8892,255.39,2023-01-01 01:05:00
T1_67,7863,36.03,2023-01-01 01:06:00
T1_68,8916,105.74,2023-01-01 01:07:00
T1_69,9529,275.55,2023-01-01 01:08:00
T1_70,1878,197.96,2023-01-01 01:09:00
T1_71,5887,117.21,2023-01-01 01:10:00
T1_72,5859,133.87,2023-01-01 01:11:00
T1_73,7331,106.5,2023-01-01 01:12:00
T1_74,9571,52.98,2023-01-01 01:13:00
T1_75,9684,124.87,2023-01-01 01:14:00
T1_76,8208,175.14,2023-01-01 01:15:00
T1_77,6276,309.92,2023-01-01 01:16:00
T1_78,3062,151.71,2023-01-01 01:17:00
T1_79,1064,214.77,2023-01-01 01:18:00
T1_80,9006,26.17,2023-01-01 01:19:00
T1_81,3568,92.86,2023-01-01 01:20:00
T1_82,6463,1.41,2023-01-01 01:21:00
T1_83,3027,42.49,2023-01-01 01:22:00
T1_84,3695,194.45,2023-01-01 01:23:00
T1_85,6258,720.73,2023-01-01 01:24:00
T1_86,6618,15.67,2023-01-01 01:25:00
T1_87,7736,77.0,2023-01-01 01:26:00
T1_88,1391,241.47,2023-01-01 01:27:00
T1_89,6892,34.23,2023-01-01 01:28:00
T1_90,4561,121.48,2023-01-01 01:29:00
T1_91,7184,198.12,2023-01-01 01:30:00
T1_92,4099,143.56,2023-01-01 01:31:00
T1_93,7278,31.24,2023-01-01 01:32:00
T1_94,9392,65.87,2023-01-01 01:33:00
T1_95,4104,229.73,2023-01-01 01:34:00
T1_96,8215,121.19,2023-01-01 01:35:00
T1_97,3454,0.79,2023-01-01 01:36:00
T1_98,9996,214.69,2023-01-01 01:37:00
T1_99,3731,5.39,2023-01-01 01:38:00
T1_100,9154,205.41,2023-01-01 01:39:00
T1_101,6056,33.94,2023-01-01 01:40:00
T1_102,9110,475.78,2023-01-01 01:41:00
T1_103,4840,68.82,2023-01-01 01:42:00
T1_104,2028,59.39,2023-01-01 01:43:00
T1_105,8385,24.18,2023-01-01 01:44:00
T1_106,1502,54.71,2023-01-01 01:45:00
T1_107,7910,313.91,2023-01-01 01:46:00
T1_108,7938,841.31,2023-01-01 01:47:00
T1_109,5488,68.9,2023-01-01 01:48:00
T1_110,1206,89.3,2023-01-01 01:49:00
T1_111,6134,192.06,2023-01-01 01:50:00
T1_112,6977,325.99,2023-01-01 01:51:00
T1_113,8721,134.86,2023-01-01 01:52:00
T1_114,8035,74.52,2023-01-01 01:53:00
T1_115,2484,79.81,2023-01-01 01:54:00
T1_116,8858,178.42,2023-01-01 01:55:00
T1_117,1863,0.48,2023-01-01 01:56:00
T1_118,3790,144.98,2023-01-01 01:57:00
T1_119,8408,65.89,2023-01-01 01:58:00
T1_120,9755,237.13,2023-01-01 01:59:00
T1_121,6116,14.64,2023-01-01 02:00:00
T1_122,7019,133.08,2023-01-01 02:01:00
T1_123,2757,98.37,2023-01-01 02:02:00
T1_124,8574,154.22,2023-01-01 02:03:00
T1_125,7374,10.06,2023-01-01 02:04:00
T1_126,7892,130.12,2023-01-01 02:05:00
T1_127,2678,123.65,2023-01-01 02:06:00
T1_128,4242,123.37,2023-01-01 02:07:00
T1_129,5636,138.76,2023-01-01 02:08:00
T1_130,2059,169.27,2023-01-01 02:09:00
T1_131,7668,245.2,2023-01-01 02:10:00
T1_132,4157,47.17,2023-01-01 02:11:00
T1_133,6915,261.49,2023-01-01 02:12:00
T1_134,3693,103.45,2023-01-01 02:13:00
T1_135,4627,12.03,2023-01-01 02:14:00
T1_136,6450,9.05,2023-01-01 02:15:00
T1_137,2663,61.02,2023-01-01 02:16:00
T1_138,6592,230.5,2023-01-01 02:17:00
T1_139,8392,184.49,2023-01-01 02:18:00
T1_140,2306,233.11,2023-01-01 02:19:00
T1_141,7776,109.24,2023-01-01 02:20:00
T1_142,6864,87.03,2023-01-01 02:21:00
T1_143,8526,23.93,2023-01-01 02:22:00
T1_144,9901,59.67,2023-01-01 02:23:00
T1_145,6575,85.38,2023-01-01 02:24:00
T1_146,6530,13.92,2023-01-01 02:25:00
T1_147,5413,37.39,2023-01-01 02:26:00
T1_148,4748,136.78,2023-01-01 02:27:00
T1_149,1663,199.58,2023-01-01 02:28:00
T1_150,2998,960.82,2023-01-01 02:29:00
T1_151,8994,405.71,2023-01-01 02:30:00
T1_152,2495,154.32,2023-01-01 02:31:00
T1_153,4304,82.03,2023-01-01 02:32:00
T1_154,4763,151.66,2023-01-01 02:33:00
T1_155,6232,231.02,2023-01-01 02:34:00
T1_156,2853,18.89,2023-01-01 02:35:00
T1_157,7585,79.12,2023-01-01 02:36:00
T1_158,2291,274.7,2023-01-01 02:37:00
T1_159,4581,72.64,2023-01-01 02:38:00
T1_160,8554,127.25,2023-01-01 02:39:00
T1_161,8280,132.93,2023-01-01 02:40:00
T1_162,2636,30.59,2023-01-01 02:41:00
T1_163,4696,67.47,2023-01-01 02:42:00
T1_164,1698,61.09,2023-01-01 02:43:00
T1_165,5737,3.98,2023-01-01 02:44:00
T1_166,1854,3.67,2023-01-01 02:45:00
T1_167,9164,267.3,2023-01-01 02:46:00
T1_168,6855,47.84,2023-01-01 02:47:00
T1_169,8392,109.5,2023-01-01 02:48:00
T1_170,7528,53.23,2023-01-01 02:49:00
T1_171,6249,423.72,2023-01-01 02:50:00
T1_172,6172,45.02,2023-01-01 02:51:00
T1_173,2707,84.23,2023-01-01 02:52:00
T1_174,6791,309.22,2023-01-01 02:53:00
T1_175,6535,276.71,2023-01-01 02:54:00
T1_176,5931,30.89,2023-01-01 02:55:00
T1_177,4510,243.41,2023-01-01 02:56:00
T1_178,1202,91.93,2023-01-01 02:57:00
T1_179,5218,98.95,2023-01-01 02:58:00
T1_180,9958,21.49,2023-01-01 02:59:00
T1_181,5389,12.61,2023-01-01 03:00:00
T1_182,3327,195.26,2023-01-01 03:01:00
T1_183,9004,102.91,2023-01-01 03:02:00
T1_184,3931,86.13,2023-01-01 03:03:00
T1_185,8777,196.13,2023-01-01 03:04:00
T1_186,1197,217.55,2023-01-01 03:05:00
T1_187,8125,25.96,2023-01-01 03:06:00
T1_188,2930,141.33,2023-01-01 03:07:00
T1_189,7287,21.82,2023-01-01 03:08:00
T1_190,9800,208.77,2023-01-01 03:09:00
T1_191,5282,160.48,2023-01-01 03:10:00
T1_192,3511,470.64,2023-01-01 03:11:00
T1_193,1659,10.72,2023-01-01 03:12:00
T1_194,3811,8.81,2023-01-01 03:13:00
T1_195,8098,49.73,2023-01-01 03:14:00
T1_196,7546,45.51,2023-01-01 03:15:00
T1_197,2986,42.55,2023-01-01 03:16:00
T1_198,9338,355.08,2023-01-01 03:17:00
T1_199,3911,43.06,2023-01-01 03:18:00
T1_200,2734,47.61,2023-01-01 03:19:00
T1_201,2843,213.69,2023-01-01 03:20:00
T1_202,9680,89.6,2023-01-01 03:21:00
T1_203,3976,224.89,2023-01-01 03:22:00
T1_204,2959,10.14,2023-01-01 03:23:00
T1_205,6759,100.29,2023-01-01 03:24:00
T1_206,7694,5.13,2023-01-01 03:25:00
T1_207,3385,9.71,2023-01-01 03:26:00
T1_208,5736,355.37,2023-01-01 03:27:00
T1_209,2802,22.49,2023-01-01 03:28:00
T1_210,9155,114.03,2023-01-01 03:29:00
T1_211,9120,79.42,2023-01-01 03:30:00
T1_212,7616,64.01,2023-01-01 03:31:00
T1_213,6534,345.14,2023-01-01 03:32:00
T1_214,5061,3.31,2023-01-01 03:33:00
T1_215,1262,163.5,2023-01-01 03:34:00
T1_216,7287,496.13,2023-01-01 03:35:00
T1_217,9815,123.2,2023-01-01 03:36:00
T1_218,3049,414.27,2023-01-01 03:37:00
T1_219,6423,8.05,2023-01-01 03:38:00
T1_220,5548,81.4,2023-01-01 03:39:00
T1_221,4108,45.2,2023-01-01 03:40:00
T1_222,8158,196.86,2023-01-01 03:41:00
T1_223,8400,596.86,2023-01-01 03:42:00
T1_224,4170,44.46,2023-01-01 03:43:00
T1_225,3255,159.27,2023-01-01 03:44:00
T1_226,2154,33.12,2023-01-01 03:45:00
T1_227,5499,124.98,2023-01-01 03:46:00
T1_228,7295,93.52,2023-01-01 03:47:00
T1_229,7197,536.36,2023-01-01 03:48:00
T1_230,2648,140.68,2023-01-01 03:49:00
T1_231,6539,64.5,2023-01-01 03:50:00
T1_232,5199,18.17,2023-01-01 03:51:00
T1_233,9445,24.6,2023-01-01 03:52:00
T1_234,3557,38.3,2023-01-01 03:53:00
T1_235,6592,43.35,2023-01-01 03:54:00
T1_236,1098,285.19,2023-01-01 03:55:00
T1_237,3200,123.56,2023-01-01 03:56:00
T1_238,3961,111.16,2023-01-01 03:57:00
T1_239,5973,18.29,2023-01-01 03:58:00
T1_240,5433,295.07,2023-01-01 03:59:00
T1_241,3869,192.46,2023-01-01 04:00:00
T1_242,1956,10.51,2023-01-01 04:01:00
T1_243,9352,184.57,2023-01-01 04:02:00
T1_244,6699,117.64,2023-01-01 04:03:00
T1_245,7944,12.79,2023-01-01 04:04:00
T1_246,5493,91.96,2023-01-01 04:05:00
T1_247,5911,99.45,2023-01-01 04:06:00
T1_248,4987,27.19,2023-01-01 04:07:00
T1_249,7015,436.98,2023-01-01 04:08:00
T1_250,2218,284.54,2023-01-01 04:09:00
T1_251,5496,165.86,2023-01-01 04:10:00
T1_252,5735,93.07,2023-01-01 04:11:00
T1_253,5555,79.59,2023-01-01 04:12:00
T1_254,9050,157.89,2023-01-01 04:13:00
T1_255,4446,118.26,2023-01-01 04:14:00
T1_256,2045,9.64,2023-01-01 04:15:00
T1_257,7893,107.77,2023-01-01 04:16:00
T1_258,2693,246.3,2023-01-01 04:17:00
T1_259,4436,92.22,2023-01-01 04:18:00
T1_260,9754,8.0,2023-01-01 04:19:00
T1_261,6895,231.46,2023-01-01 04:20:00
T1_262,4354,33.73,2023-01-01 04:21:00
T1_263,1225,44.89,2023-01-01 04:22:00
T1_264,5893,27.0,2023-01-01 04:23:00
T1_265,8022,60.12,2023-01-01 04:24:00
T1_266,6600,212.05,2023-01-01 04:25:00
T1_267,8996,109.9,2023-01-01 04:26:00
T1_268,8683,34.39,2023-01-01 04:27:00
T1_269,5642,315.35,2023-01-01 04:28:00
T1_270,8679,317.52,2023-01-01 04:29:00
T1_271,9208,306.7,2023-01-01 04:30:00
T1_272,8339,40.93,2023-01-01 04:31:00
T1_273,3205,90.01,2023-01-01 04:32:00
T1_274,2069,629.85,2023-01-01 04:33:00
T1_275,4444,221.77,2023-01-01 04:34:00
T1_276,2060,4.13,2023-01-01 04:35:00
T1_277,3327,10.11,2023-01-01 04:36:00
T1_278,4420,93.52,2023-01-01 04:37:00
T1_279,1301,359.9,2023-01-01 04:38:00
T1_280,1606,116.06,2023-01-01 04:39:00
T1_281,4170,103.32,2023-01-01 04:40:00
T1_282,1699,16.72,2023-01-01 04:41:00
T1_283,6088,160.41,2023-01-01 04:42:00
T1_284,1190,258.98,2023-01-01 04:43:00
T1_285,1980,71.81,2023-01-01 04:44:00
T1_286,3975,224.16,2023-01-01 04:45:00
T1_287,7102,500.63,2023-01-01 04:46:00
T1_288,2184,34.18,2023-01-01 04:47:00
T1_289,4327,111.14,2023-01-01 04:48:00
T1_290,4394,50.77,2023-01-01 04:49:00
T1_291,9319,236.15,2023-01-01 04:50:00
T1_292,2816,129.27,2023-01-01 04:51:00
T1_293,6854,151.01,2023-01-01 04:52:00
T1_294,7709,239.86,2023-01-01 04:53:00
T1_295,1569,75.62,2023-01-01 04:54:00
T1_296,6442,369.92,2023-01-01 04:55:00
T1_297,2895,114.22,2023-01-01 04:56:00
T1_298,3733,25.79,2023-01-01 04:57:00
T1_299,4863,178.56,2023-01-01 04:58:00
T1_300,8455,236.44,2023-01-01 04:59:00
T1_301,5014,57.14,2023-01-01 05:00:00
T1_302,2686,291.92,2023-01-01 05:01:00
T1_303,4009,354.9,2023-01-01 05:02:00
T1_304,8806,48.63,2023-01-01 05:03:00
T1_305,1154,615.85,2023-01-01 05:04:00
T1_306,2409,22.75,2023-01-01 05:05:00
T1_307,1784,33.85,2023-01-01 05:06:00
T1_308,9096,30.54,2023-01-01 05:07:00
T1_309,8560,336.63,2023-01-01 05:08:00
T1_310,8343,159.32,2023-01-01 05:09:00
T1_311,8206,24.75,2023-01-01 05:10:00
T1_312,6596,87.06,2023-01-01 05:11:00
T1_313,6801,143.29,2023-01-01 05:12:00
T1_314,3806,13.07,2023-01-01 05:13:00
T1_315,1537,321.09,2023-01-01 05:14:00
T1_316,6986,244.14,2023-01-01 05:15:00
T1_317,2841,105.54,2023-01-01 05:16:00
T1_318,9716,512.26,2023-01-01 05:17:00
T1_319,7971,81.13,2023-01-01 05:18:00
T1_320,6625,621.31,2023-01-01 05:19:00
T1_321,3950,165.36,2023-01-01 05:20:00
T1_322,8992,151.04,2023-01-01 05:21:00
T1_323,5780,27.22,2023-01-01 05:22:00
T1_324,3368,320.47,2023-01-01 05:23:00
T1_325,7655,83.66,2023-01-01 05:24:00
T1_326,9173,26.55,2023-01-01 05:25:00
T1_327,5495,1.9,2023-01-01 05:26:00
T1_328,7002,123.06,2023-01-01 05:27:00
T1_329,7614,112.43,2023-01-01 05:28:00
T1_330,6919,190.6,2023-01-01 05:29:00
T1_331,1853,331.44,2023-01-01 05:30:00
T1_332,5146,12.41,2023-01-01 05:31:00
T1_333,4769,197.23,2023-01-01 05:32:00
T1_334,1574,31.13,2023-01-01 05:33:00
T1_335,2148,292.98,2023-01-01 05:34:00
T1_336,7293,256.44,2023-01-01 05:35:00
T1_337,7457,116.74,2023-01-01 05:36:00
T1_338,8509,185.81,2023-01-01 05:37:00
T1_339,5777,56.61,2023-01-01 05:38:00
T1_340,4854,95.56,2023-01-01 05:39:00
T1_341,3491,258.59,2023-01-01 05:40:00
T1_342,4124,92.22,2023-01-01 05:41:00
T1_343,6691,66.43,2023-01-01 05:42:00
T1_344,4051,102.25,2023-01-01 05:43:00
T1_345,1004,264.26,2023-01-01 05:44:00
T1_346,6222,61.24,2023-01-01 05:45:00
T1_347,6315,28.63,2023-01-01 05:46:00
T1_348,5869,186.73,2023-01-01 05:47:00
T1_349,1876,262.29,2023-01-01 05:48:00
T1_350,8027,15.91,2023-01-01 05:49:00
T1_351,5142,41.14,2023-01-01 05:50:00
T1_352,7966,22.97,2023-01-01 05:51:00
T1_353,8079,64.14,2023-01-01 05:52:00
T1_354,8987,89.77,2023-01-01 05:53:00
T1_355,7799,207.24,2023-01-01 05:54:00
T1_356,5465,157.97,2023-01-01 05:55:00
T1_357,1635,145.5,2023-01-01 05:56:00
T1_358,2693,65.17,2023-01-01 05:57:00
T1_359,5752,276.25,2023-01-01 05:58:00
T1_360,9311,95.6,2023-01-01 05:59:00
T1_361,1830,580.24,2023-01-01 06:00:00
T1_362,6177,150.83,2023-01-01 06:01:00
T1_363,9932,20.25,2023-01-01 06:02:00
T1_364,9308,169.13,2023-01-01 06:03:00
T1_365,6949,58.98,2023-01-01 06:04:00
T1_366,3838,173.91,2023-01-01 06:05:00
T1_367,2150,10.83,2023-01-01 06:06:00
T1_368,8560,28.83,2023-01-01 06:07:00
T1_369,2931,290.42,2023-01-01 06:08:00
T1_370,2664,38.66,2023-01-01 06:09:00
T1_371,2081,272.14,2023-01-01 06:10:00
T1_372,1512,49.12,2023-01-01 06:11:00
T1_373,8805,154.45,2023-01-01 06:12:00
T1_374,6237,177.7,2023-01-01 06:13:00
T1_375,1559,107.82,2023-01-01 06:14:00
T1_376,4672,54.64,2023-01-01 06:15:00
T1_377,8404,35.86,2023-01-01 06:16:00
T1_378,4343,5.06,2023-01-01 06:17:00
T1_379,5070,54.35,2023-01-01 06:18:00
T1_380,1580,158.83,2023-01-01 06:19:00
T1_381,8004,417.83,2023-01-01 06:20:00
T1_382,9130,307.43,2023-01-01 06:21:00
T1_383,4147,217.91,2023-01-01 06:22:00
T1_384,5249,232.99,2023-01-01 06:23:00
T1_385,2679,164.04,2023-01-01 06:24:00
T1_386,4506,45.22,2023-01-01 06:25:00
T1_387,8253,356.59,2023-01-01 06:26:00
T1_388,3744,166.63,2023-01-01 06:27:00
T1_389,6188,123.3,2023-01-01 06:28:00
T1_390,3141,17.65,2023-01-01 06:29:00
T1_391,7617,88.87,2023-01-01 06:30:00
T1_392,3479,92.53,2023-01-01 06:31:00
T1_393,7484,299.89,2023-01-01 06:32:00
T1_394,8421,118.66,2023-01-01 06:33:00
T1_395,5452,71.8,2023-01-01 06:34:00
T1_396,6881,564.54,2023-01-01 06:35:00
T1_397,7665,17.6,2023-01-01 06:36:00
T1_398,3849,82.37,2023-01-01 06:37:00
T1_399,8390,6.44,2023-01-01 06:38:00
T1_400,7905,202.01,2023-01-01 06:39:00
T1_401,3489,375.3,2023-01-01 06:40:00
T1_402,5611,49.28,2023-01-01 06:41:00
T1_403,3839,293.15,2023-01-01 06:42:00
T1_404,9527,51.84,2023-01-01 06:43:00
T1_405,6878,362.48,2023-01-01 06:44:00
T1_406,7303,210.34,2023-01-01 06:45:00
T1_407,1851,245.14,2023-01-01 06:46:00
T1_408,2687,2.73,2023-01-01 06:47:00
T1_409,7833,493.76,2023-01-01 06:48:00
T1_410,3427,194.56,2023-01-01 06:49:00
T1_411,5000,54.52,2023-01-01 06:50:00
T1_412,6052,265.26,2023-01-01 06:51:00
T1_413,3738,49.59,2023-01-01 06:52:00
T1_414,6732,309.24,2023-01-01 06:53:00
T1_415,6387,17.92,2023-01-01 06:54:00
T1_416,9002,182.45,2023-01-01 06:55:00
T1_417,6536,116.71,2023-01-01 06:56:00
T1_418,4913,15.23,2023-01-01 06:57:00
T1_419,2066,41.54,2023-01-01 06:58:00
T1_420,8723,1.87,2023-01-01 06:59:00
T1_421,5380,94.88,2023-01-01 07:00:00
T1_422,5107,53.77,2023-01-01 07:01:00
T1_423,6726,136.83,2023-01-01 07:02:00
T1_424,4373,52.91,2023-01-01 07:03:00
T1_425,9945,53.48,2023-01-01 07:04:00
T1_426,3082,203.91,2023-01-01 07:05:00
T1_427,9967,7.4,2023-01-01 07:06:00
T1_428,7748,349.79,2023-01-01 07:07:00
T1_429,1417,286.85,2023-01-01 07:08:00
T1_430,9306,165.3,2023-01-01 07:09:00
T1_431,9808,134.92,2023-01-01 07:10:00
T1_432,4974,334.26,2023-01-01 07:11:00
T1_433,4267,30.75,2023-01-01 07:12:00
T1_434,1825,12.34,2023-01-01 07:13:00
T1_435,8668,41.07,2023-01-01 07:14:00
T1_436,6745,237.4,2023-01-01 07:15:00
T1_437,1412,5.29,2023-01-01 07:16:00
T1_438,8543,131.13,2023-01-01 07:17:00
T1_439,8587,808.48,2023-01-01 07:18:00
T1_440,1728,290.38,2023-01-01 07:19:00
T1_441,8164,110.55,2023-01-01 07:20:00
T1_442,9867,9.86,2023-01-01 07:21:00
T1_443,6988,267.01,2023-01-01 07:22:00
T1_444,3504,137.06,2023-01-01 07:23:00
T1_445,3967,18.31,2023-01-01 07:24:00
T1_446,3786,14.78,2023-01-01 07:25:00
T1_447,2122,360.57,2023-01-01 07:26:00
T1_448,5079,165.94,2023-01-01 07:27:00
T1_449,2571,265.17,2023-01-01 07:28:00
T1_450,6073,316.77,2023-01-01 07:29:00
T1_451,6104,127.22,2023-01-01 07:30:00
T1_452,3143,109.3,2023-01-01 07:31:00
T1_453,7806,84.43,2023-01-01 07:32:00
T1_454,8357,57.18,2023-01-01 07:33:00
T1_455,4440,85.53,2023-01-01 07:34:00
T1_456,4766,223.0,2023-01-01 07:35:00
T1_457,6644,138.17,2023-01-01 07:36:00
T1_458,3914,334.57,2023-01-01 07:37:00
T1_459,5968,87.88,2023-01-01 07:38:00
T1_460,6917,140.13,2023-01-01 07:39:00
T1_461,9787,149.67,2023-01-01 07:40:00
T1_462,1728,134.36,2023-01-01 07:41:00
T1_463,2365,181.92,2023-01-01 07:42:00
T1_464,5492,40.66,2023-01-01 07:43:00
T1_465,1698,107.73,2023-01-01 07:44:00
T1_466,8186,16.51,2023-01-01 07:45:00
T1_467,1395,72.8,2023-01-01 07:46:00
T1_468,8400,100.32,2023-01-01 07:47:00
T1_469,9082,158.43,2023-01-01 07:48:00
T1_470,5171,450.96,2023-01-01 07:49:00
T1_471,5360,137.69,2023-01-01 07:50:00
T1_472,3502,204.15,2023-01-01 07:51:00
T1_473,1717,105.86,2023-01-01 07:52:00
T1_474,3782,150.81,2023-01-01 07:53:00
T1_475,5946,11.04,2023-01-01 07:54:00
T1_476,6486,44.03,2023-01-01 07:55:00
T1_477,9335,67.38,2023-01-01 07:56:00
T1_478,5980,95.94,2023-01-01 07:57:00
T1_479,8266,7.01,2023-01-01 07:58:00
T1_480,5491,22.63,2023-01-01 07:59:00
T1_481,8192,48.61,2023-01-01 08:00:00
T1_482,6588,533.85,2023-01-01 08:01:00
T1_483,8651,60.37,2023-01-01 08:02:00
T1_484,4636,98.68,2023-01-01 08:03:00
T1_485,2167,32.74,2023-01-01 08:04:00
T1_486,2062,141.54,2023-01-01 08:05:00
T1_487,3156,49.42,2023-01-01 08:06:00
T1_488,8860,34.79,2023-01-01 08:07:00
T1_489,6161,109.03,2023-01-01 08:08:00
T1_490,6305,0.83,2023-01-01 08:09:00
T1_491,7541,1.15,2023-01-01 08:10:00
T1_492,5729,37.09,2023-01-01 08:11:00
T1_493,8330,5.61,2023-01-01 08:12:00
T1_494,6334,17.15,2023-01-01 08:13:00
T1_495,9924,62.07,2023-01-01 08:14:00
T1_496,5330,243.37,2023-01-01 08:15:00
T1_497,9010,127.31,2023-01-01 08:16:00
T1_498,7801,107.82,2023-01-01 08:17:00
T1_499,5846,52.11,2023-01-01 08:18:00
T1_500,7731,402.69,2023-01-01 08:19:00
T1_501,8241,75.88,2023-01-01 08:20:00
T1_502,1953,13.67,2023-01-01 08:21:00
T1_503,3539,143.98,2023-01-01 08:22:00
T1_504,8056,18.13,2023-01-01 08:23:00
T1_505,2542,63.52,2023-01-01 08:24:00
T1_506,6293,106.21,2023-01-01 08:25:00
T1_507,2191,310.99,2023-01-01 08:26:00
T1_508,7313,102.05,2023-01-01 08:27:00
T1_509,7938,181.73,2023-01-01 08:28:00
T1_510,3681,740.4,2023-01-01 08:29:00
T1_511,2540,21.15,2023-01-01 08:30:00
T1_512,7172,48.18,2023-01-01 08:31:00
T1_513,6541,75.27,2023-01-01 08:32:00
T1_514,2365,82.18,2023-01-01 08:33:00
T1_515,9691,79.4,2023-01-01 08:34:00
T1_516,9702,357.26,2023-01-01 08:35:00
T1_517,8494,187.78,2023-01-01 08:36:00
T1_518,5312,140.44,2023-01-01 08:37:00
T1_519,2324,55.52,2023-01-01 08:38:00
T1_520,4141,260.41,2023-01-01 08:39:00
T1_521,8419,465.37,2023-01-01 08:40:00
T1_522,4486,258.22,2023-01-01 08:41:00
T1_523,2810,0.23,2023-01-01 08:42:00
T1_524,7588,151.76,2023-01-01 08:43:00
T1_525,3923,7.87,2023-01-01 08:44:00
T1_526,6301,44.68,2023-01-01 08:45:00
T1_527,5186,9.21,2023-01-01 08:46:00
T1_528,9905,138.87,2023-01-01 08:47:00
T1_529,6977,174.04,2023-01-01 08:48:00
T1_530,5268,18.24,2023-01-01 08:49:00
T1_531,5748,72.64,2023-01-01 08:50:00
T1_532,5849,91.39,2023-01-01 08:51:00
T1_533,4709,69.08,2023-01-01 08:52:00
T1_534,7619,19.35,2023-01-01 08:53:00
T1_535,9647,81.44,2023-01-01 08:54:00
T1_536,4072,208.65,2023-01-01 08:55:00
T1_537,7530,11.05,2023-01-01 08:56:00
T1_538,1504,12.54,2023-01-01 08:57:00
T1_539,2214,65.72,2023-01-01 08:58:00
T1_540,2531,426.39,2023-01-01 08:59:00
T1_541,8576,165.65,2023-01-01 09:00:00
T1_542,1823,170.29,2023-01-01 09:01:00
T1_543,1928,67.39,2023-01-01 09:02:00
T1_544,6029,135.09,2023-01-01 09:03:00
T1_545,1133,1.53,2023-01-01 09:04:00
T1_546,3105,151.63,2023-01-01 09:05:00
T1_547,4627,366.77,2023-01-01 09:06:00
T1_548,7316,142.23,2023-01-01 09:07:00
T1_549,2852,310.36,2023-01-01 09:08:00
T1_550,5910,193.09,2023-01-01 09:09:00
T1_551,5175,19.27,2023-01-01 09:10:00
T1_552,6348,349.11,2023-01-01 09:11:00
T1_553,7190,10.31,2023-01-01 09:12:00
T1_554,2256,114.52,2023-01-01 09:13:00
T1_555,4376,23.0,2023-01-01 09:14:00
T1_556,6645,1.77,2023-01-01 09:15:00
T1_557,4486,82.24,2023-01-01 09:16:00
T1_558,4584,52.44,2023-01-01 09:17:00
T1_559,9053,99.83,2023-01-01 09:18:00
T1_560,4330,129.13,2023-01-01 09:19:00
T1_561,3703,6.71,2023-01-01 09:20:00
T1_562,9662,19.69,2023-01-01 09:21:00
T1_563,9120,122.68,2023-01-01 09:22:00
T1_564,8114,63.05,2023-01-01 09:23:00
T1_565,2353,195.94,2023-01-01 09:24:00
T1_566,6063,158.46,2023-01-01 09:25:00
T1_567,9549,280.24,2023-01-01 09:26:00
T1_568,8575,176.89,2023-01-01 09:27:00
T1_569,1667,84.3,2023-01-01 09:28:00
T1_570,5468,167.65,2023-01-01 09:29:00
T1_571,7819,48.32,2023-01-01 09:30:00
T1_572,4719,54.86,2023-01-01 09:31:00
T1_573,3745,233.37,2023-01-01 09:32:00
T1_574,8483,88.7,2023-01-01 09:33:00
T1_575,1539,240.21,2023-01-01 09:34:00
T1_576,5964,259.25,2023-01-01 09:35:00
T1_577,5835,292.33,2023-01-01 09:36:00
T1_578,4775,372.68,2023-01-01 09:37:00
T1_579,7042,84.58,2023-01-01 09:38:00
T1_580,8102,57.6,2023-01-01 09:39:00
T1_581,8312,130.91,2023-01-01 09:40:00
T1_582,6320,69.58,2023-01-01 09:41:00
T1_583,7132,137.85,2023-01-01 09:42:00
T1_584,8891,183.42,2023-01-01 09:43:00
T1_585,3779,174.91,2023-01-01 09:44:00
T1_586,1924,70.39,2023-01-01 09:45:00
T1_587,2581,27.38,2023-01-01 09:46:00
T1_588,8714,84.46,2023-01-01 09:47:00
T1_589,4324,23.08,2023-01-01 09:48:00
T1_590,6713,331.22,2023-01-01 09:49:00
T1_591,8026,63.67,2023-01-01 09:50:00
T1_592,1255,25.17,2023-01-01 09:51:00
T1_593,5804,3.87,2023-01-01 09:52:00
T1_594,2838,155.69,2023-01-01 09:53:00
T1_595,1009,151.96,2023-01-01 09:54:00
T1_596,3871,62.46,2023-01-01 09:55:00
T1_597,9989,11.16,2023-01-01 09:56:00
T1_598,8409,79.05,2023-01-01 09:57:00
T1_599,8418,55.92,2023-01-01 09:58:00
T1_600,6124,169.57,2023-01-01 09:59:00
T1_601,2015,139.63,2023-01-01 10:00:00
T1_602,3193,68.02,2023-01-01 10:01:00
T1_603,9415,36.86,2023-01-01 10:02:00
T1_604,8449,663.88,2023-01-01 10:03:00
T1_605,5158,90.77,2023-01-01 10:04:00
T1_606,4925,174.84,2023-01-01 10:05:00
T1_607,7970,22.72,2023-01-01 10:06:00
T1_608,7938,99.71,2023-01-01 10:07:00
T1_609,5784,4.19,2023-01-01 10:08:00
T1_610,5000,105.62,2023-01-01 10:09:00
T1_611,2633,498.71,2023-01-01 10:10:00
T1_612,8266,72.73,2023-01-01 10:11:00
T1_613,9702,5.97,2023-01-01 10:12:00
T1_614,1384,4.72,2023-01-01 10:13:00
T1_615,1404,73.65,2023-01-01 10:14:00
T1_616,9175,26.16,2023-01-01 10:15:00
T1_617,3000,3.54,2023-01-01 10:16:00
T1_618,6989,211.72,2023-01-01 10:17:00
T1_619,2460,92.02,2023-01-01 10:18:00
T1_620,8190,51.21,2023-01-01 10:19:00
T1_621,8140,345.51,2023-01-01 10:20:00
T1_622,4636,18.52,2023-01-01 10:21:00
T1_623,5809,468.26,2023-01-01 10:22:00
T1_624,5178,56.52,2023-01-01 10:23:00
T1_625,8245,328.93,2023-01-01 10:24:00
T1_626,7600,138.55,2023-01-01 10:25:00
T1_627,6997,262.92,2023-01-01 10:26:00
T1_628,3048,620.4,2023-01-01 10:27:00
T1_629,5780,51.04,2023-01-01 10:28:00
T1_630,1716,487.15,2023-01-01 10:29:00
T1_631,8939,74.02,2023-01-01 10:30:00
T1_632,6565,73.04,2023-01-01 10:31:00
T1_633,5544,62.42,2023-01-01 10:32:00
T1_634,5976,116.94,2023-01-01 10:33:00
T1_635,4419,25.11,2023-01-01 10:34:00
T1_636,8239,121.02,2023-01-01 10:35:00
T1_637,1249,117.04,2023-01-01 10:36:00
T1_638,9865,215.26,2023-01-01 10:37:00
T1_639,1770,269.05,2023-01-01 10:38:00
T1_640,5363,87.09,2023-01-01 10:39:00
T1_641,2077,54.0,2023-01-01 10:40:00
T1_642,9427,45.03,2023-01-01 10:41:00
T1_643,9580,32.47,2023-01-01 10:42:00
T1_644,8901,8.91,2023-01-01 10:43:00
T1_645,5858,62.88,2023-01-01 10:44:00
T1_646,7544,47.26,2023-01-01 10:45:00
T1_647,5719,509.06,2023-01-01 10:46:00
T1_648,3814,122.37,2023-01-01 10:47:00
T1_649,4374,63.99,2023-01-01 10:48:00
T1_650,2252,130.29,2023-01-01 10:49:00
T1_651,7996,22.48,2023-01-01 10:50:00
T1_652,5673,88.06,2023-01-01 10:51:00
T1_653,5530,147.62,2023-01-01 10:52:00
T1_654,7881,100.68,2023-01-01 10:53:00
T1_655,7949,77.07,2023-01-01 10:54:00
T1_656,7241,763.66,2023-01-01 10:55:00
T1_657,9017,318.43,2023-01-01 10:56:00
T1_658,7941,146.49,2023-01-01 10:57:00
T1_659,8002,126.38,2023-01-01 10:58:00
T1_660,2331,145.4,2023-01-01 10:59:00
T1_661,5261,33.72,2023-01-01 11:00:00
T1_662,8648,75.41,2023-01-01 11:01:00
T1_663,6115,6.04,2023-01-01 11:02:00
T1_664,5637,96.81,2023-01-01 11:03:00
T1_665,5854,117.47,2023-01-01 11:04:00
T1_666,4177,38.77,2023-01-01 11:05:00
T1_667,8730,498.76,2023-01-01 11:06:00
T1_668,3180,360.29,2023-01-01 11:07:00
T1_669,5892,192.1,2023-01-01 11:08:00
T1_670,8043,114.34,2023-01-01 11:09:00
T1_671,1137,306.0,2023-01-01 11:10:00
T1_672,7327,21.0,2023-01-01 11:11:00
T1_673,4472,234.46,2023-01-01 11:12:00
T1_674,6449,20.0,2023-01-01 11:13:00
T1_675,3832,237.14,2023-01-01 11:14:00
T1_676,4579,48.4,2023-01-01 11:15:00
T1_677,6971,314.45,2023-01-01 11:16:00
T1_678,5164,432.47,2023-01-01 11:17:00
T1_679,8941,24.17,2023-01-01 11:18:00
T1_680,6569,93.17,2023-01-01 11:19:00
T1_681,5300,594.4,2023-01-01 11:20:00
T1_682,7269,99.08,2023-01-01 11:21:00
T1_683,4818,298.77,2023-01-01 11:22:00
T1_684,2906,133.28,2023-01-01 11:23:00
T1_685,7254,70.58,2023-01-01 11:24:00
T1_686,1760,50.49,2023-01-01 11:25:00
T1_687,8830,34.08,2023-01-01 11:26:00
T1_688,8350,215.2,2023-01-01 11:27:00
T1_689,7238,73.3,2023-01-01 11:28:00
T1_690,7090,107.39,2023-01-01 11:29:00
T1_691,7031,101.69,2023-01-01 11:30:00
T1_692,8687,129.16,2023-01-01 11:31:00
T1_693,9472,301.01,2023-01-01 11:32:00
T1_694,2887,592.45,2023-01-01 11:33:00
T1_695,4266,78.53,2023-01-01 11:34:00
T1_696,1666,263.62,2023-01-01 11:35:00
T1_697,5188,216.92,2023-01-01 11:36:00
T1_698,1671,127.83,2023-01-01 11:37:00
T1_699,7777,468.7,2023-01-01 11:38:00
T1_700,8570,33.56,2023-01-01 11:39:00
T1_701,8956,17.36,2023-01-01 11:40:00
T1_702,6124,288.58,2023-01-01 11:41:00
T1_703,6585,86.75,2023-01-01 11:42:00
T1_704,5777,281.57,2023-01-01 11:43:00
T1_705,4900,335.37,2023-01-01 11:44:00
T1_706,7677,9.67,2023-01-01 11:45:00
T1_707,7981,322.43,2023-01-01 11:46:00
T1_708,7376,89.22,2023-01-01 11:47:00
T1_709,1523,107.13,2023-01-01 11:48:00
T1_710,3393,147.76,2023-01-01 11:49:00
T1_711,3593,391.33,2023-01-01 11:50:00
T1_712,8240,2.9,2023-01-01 11:51:00
T1_713,7937,97.18,2023-01-01 11:52:00
T1_714,7190,174.58,2023-01-01 11:53:00
T1_715,6240,192.4,2023-01-01 11:54:00
T1_716,7493,176.91,2023-01-01 11:55:00
T1_717,3878,21.66,2023-01-01 11:56:00
T1_718,5143,53.37,2023-01-01 11:57:00
T1_719,4644,66.64,2023-01-01 11:58:00
T1_720,5432,244.78,2023-01-01 11:59:00
T1_721,2276,49.02,2023-01-01 12:00:00
T1_722,6811,35.49,2023-01-01 12:01:00
T1_723,1302,473.55,2023-01-01 12:02:00
T1_724,1638,1.34,2023-01-01 12:03:00
T1_725,1055,919.32,2023-01-01 12:04:00
T1_726,9717,169.43,2023-01-01 12:05:00
T1_727,9150,264.45,2023-01-01 12:06:00
T1_728,3125,52.35,2023-01-01 12:07:00
T1_729,1364,2.16,2023-01-01 12:08:00
T1_730,7809,200.84,2023-01-01 12:09:00
T1_731,5621,269.5,2023-01-01 12:10:00
T1_732,6126,202.34,2023-01-01 12:11:00
T1_733,6122,23.12,2023-01-01 12:12:00
T1_734,2646,210.02,2023-01-01 12:13:00
T1_735,1918,219.75,2023-01-01 12:14:00
T1_736,3797,161.18,2023-01-01 12:15:00
T1_737,7506,217.94,2023-01-01 12:16:00
T1_738,6870,280.54,2023-01-01 12:17:00
T1_739,2531,142.63,2023-01-01 12:18:00
T1_740,9172,13.92,2023-01-01 12:19:00
T1_741,4345,100.31,2023-01-01 12:20:00
T1_742,8673,12.12,2023-01-01 12:21:00
T1_743,7949,78.52,2023-01-01 12:22:00
T1_744,7882,78.41,2023-01-01 12:23:00
T1_745,2906,10.24,2023-01-01 12:24:00
T1_746,4086,64.35,2023-01-01 12:25:00
T1_747,9152,17.65,2023-01-01 12:26:00
T1_748,6750,247.72,2023-01-01 12:27:00
T1_749,9905,442.58,2023-01-01 12:28:00
T1_750,2062,11.26,2023-01-01 12:29:00
T1_751,2976,465.55,2023-01-01 12:30:00
T1_752,2296,110.9,2023-01-01 12:31:00
T1_753,7229,53.41,2023-01-01 12:32:00
T1_754,8641,12.0,2023-01-01 12:33:00
T1_755,1125,104.16,2023-01-01 12:34:00
T1_756,5632,237.36,2023-01-01 12:35:00
T1_757,7288,184.18,2023-01-01 12:36:00
T1_758,4596,7.73,2023-01-01 12:37:00
T1_759,7168,11.35,2023-01-01 12:38:00
T1_760,8561,77.34,2023-01-01 12:39:00
T1_761,9258,52.5,2023-01-01 12:40:00
T1_762,1232,39.67,2023-01-01 12:41:00
T1_763,7371,49.49,2023-01-01 12:42:00
T1_764,5206,244.05,2023-01-01 12:43:00
T1_765,8943,397.24,2023-01-01 12:44:00
T1_766,7891,77.9,2023-01-01 12:45:00
T1_767,7738,354.85,2023-01-01 12:46:00
T1_768,3472,58.18,2023-01-01 12:47:00
T1_769,3739,97.06,2023-01-01 12:48:00
T1_770,6401,38.43,2023-01-01 12:49:00
T1_771,2761,153.45,2023-01-01 12:50:00
T1_772,1876,579.35,2023-01-01 12:51:00
T1_773,4812,138.76,2023-01-01 12:52:00
T1_774,2460,66.43,2023-01-01 12:53:00
T1_775,2733,156.54,2023-01-01 12:54:00
T1_776,2605,19.67,2023-01-01 12:55:00
T1_777,6622,329.27,2023-01-01 12:56:00
T1_778,7767,104.9,2023-01-01 12:57:00
T1_779,7986,89.5,2023-01-01 12:58:00
T1_780,4517,132.23,2023-01-01 12:59:00
T1_781,4735,147.04,2023-01-01 13:00:00
T1_782,9434,11.17,2023-01-01 13:01:00
T1_783,3590,172.15,2023-01-01 13:02:00
T1_784,2063,41.55,2023-01-01 13:03:00
T1_785,5324,187.74,2023-01-01 13:04:00
T1_786,6342,259.35,2023-01-01 13:05:00
T1_787,1005,244.41,2023-01-01 13:06:00
T1_788,8489,120.61,2023-01-01 13:07:00
T1_789,9659,110.15,2023-01-01 13:08:00
T1_790,9195,23.13,2023-01-01 13:09:00
T1_791,6966,223.98,2023-01-01 13:10:00
T1_792,9837,47.5,2023-01-01 13:11:00
T1_793,1117,102.98,2023-01-01 13:12:00
T1_794,3551,50.17,2023-01-01 13:13:00
T1_795,6560,21.55,2023-01-01 13:14:00
T1_796,5289,148.96,2023-01-01 13:15:00
T1_797,1846,8.38,2023-01-01 13:16:00
T1_798,7316,207.13,2023-01-01 13:17:00
T1_799,7469,57.32,2023-01-01 13:18:00
T1_800,9915,0.02,2023-01-01 13:19:00
T1_801,1224,107.35,2023-01-01 13:20:00
T1_802,5208,7.2,2023-01-01 13:21:00
T1_803,7283,48.48,2023-01-01 13:22:00
T1_804,3048,184.13,2023-01-01 13:23:00
T1_805,7233,9.71,2023-01-01 13:24:00
T1_806,2828,274.27,2023-01-01 13:25:00
T1_807,2917,0.57,2023-01-01 13:26:00
T1_808,5234,42.52,2023-01-01 13:27:00
T1_809,7988,202.58,2023-01-01 13:28:00
T1_810,3026,57.03,2023-01-01 13:29:00
T1_811,4744,16.12,2023-01-01 13:30:00
T1_812,1009,67.0,2023-01-01 13:31:00
T1_813,1260,47.29,2023-01-01 13:32:00
T1_814,7038,277.45,2023-01-01 13:33:00
T1_815,3219,56.39,2023-01-01 13:34:00
T1_816,8041,233.34,2023-01-01 13:35:00
T1_817,3060,333.67,2023-01-01 13:36:00
T1_818,6287,85.33,2023-01-01 13:37:00
T1_819,2619,361.1,2023-01-01 13:38:00
T1_820,9512,71.06,2023-01-01 13:39:00
T1_821,2342,498.96,2023-01-01 13:40:00
T1_822,3832,14.03,2023-01-01 13:41:00
T1_823,3824,174.24,2023-01-01 13:42:00
T1_824,2994,102.13,2023-01-01 13:43:00
T1_825,4490,73.57,2023-01-01 13:44:00
T1_826,8984,150.24,2023-01-01 13:45:00
T1_827,2604,182.54,2023-01-01 13:46:00
T1_828,1235,0.66,2023-01-01 13:47:00
T1_829,2908,27.4,2023-01-01 13:48:00
T1_830,9567,187.27,2023-01-01 13:49:00
T1_831,4530,164.67,2023-01-01 13:50:00
T1_832,6256,507.42,2023-01-01 13:51:00
T1_833,3635,214.72,2023-01-01 13:52:00
T1_834,9162,451.7,2023-01-01 13:53:00
T1_835,3560,181.87,2023-01-01 13:54:00
T1_836,6415,53.08,2023-01-01 13:55:00
T1_837,4391,16.7,2023-01-01 13:56:00
T1_838,6951,228.37,2023-01-01 13:57:00
T1_839,6468,154.99,2023-01-01 13:58:00
T1_840,9007,7.41,2023-01-01 13:59:00
T1_841,7413,66.95,2023-01-01 14:00:00
T1_842,7941,471.29,2023-01-01 14:01:00
T1_843,5820,104.09,2023-01-01 14:02:00
T1_844,3898,85.04,2023-01-01 14:03:00
T1_845,8546,91.79,2023-01-01 14:04:00
T1_846,1077,35.15,2023-01-01 14:05:00
T1_847,8577,69.0,2023-01-01 14:06:00
T1_848,5227,69.26,2023-01-01 14:07:00
T1_849,1600,8.07,2023-01-01 14:08:00
T1_850,2065,218.87,2023-01-01 14:09:00
T1_851,3136,80.81,2023-01-01 14:10:00
T1_852,7943,259.05,2023-01-01 14:11:00
T1_853,8804,284.92,2023-01-01 14:12:00
T1_854,7565,35.74,2023-01-01 14:13:00
T1_855,6984,160.66,2023-01-01 14:14:00
T1_856,6142,95.88,2023-01-01 14:15:00
T1_857,5670,318.24,2023-01-01 14:16:00
T1_858,3190,36.45,2023-01-01 14:17:00
T1_859,3712,169.89,2023-01-01 14:18:00
T1_860,3192,140.38,2023-01-01 14:19:00
T1_861,2248,52.5,2023-01-01 14:20:00
T1_862,5033,22.03,2023-01-01 14:21:00
T1_863,2997,158.18,2023-01-01 14:22:00
T1_864,4687,201.25,2023-01-01 14:23:00
T1_865,5018,56.89,2023-01-01 14:24:00
T1_866,2970,155.27,2023-01-01 14:25:00
T1_867,9389,75.41,2023-01-01 14:26:00
T1_868,6765,187.35,2023-01-01 14:27:00
T1_869,2202,33.32,2023-01-01 14:28:00
T1_870,9135,331.38,2023-01-01 14:29:00
T1_871,6567,50.83,2023-01-01 14:30:00
T1_872,8667,68.78,2023-01-01 14:31:00
T1_873,6742,8.98,2023-01-01 14:32:00
T1_874,6788,17.74,2023-01-01 14:33:00
T1_875,6408,108.81,2023-01-01 14:34:00
T1_876,9669,46.71,2023-01-01 14:35:00
T1_877,1922,270.71,2023-01-01 14:36:00
T1_878,1419,2.22,2023-01-01 14:37:00
T1_879,3204,71.49,2023-01-01 14:38:00
T1_880,2120,61.73,2023-01-01 14:39:00
T1_881,1950,2.93,2023-01-01 14:40:00
T1_882,3336,19.92,2023-01-01 14:41:00
T1_883,6373,80.07,2023-01-01 14:42:00
T1_884,3243,101.85,2023-01-01 14:43:00
T1_885,3645,77.7,2023-01-01 14:44:00
T1_886,5612,113.55,2023-01-01 14:45:00
T1_887,2865,135.63,2023-01-01 14:46:00
T1_888,7028,1.5,2023-01-01 14:47:00
T1_889,8326,93.57,2023-01-01 14:48:00
T1_890,7371,496.56,2023-01-01 14:49:00
T1_891,7359,109.79,2023-01-01 14:50:00
T1_892,8863,169.77,2023-01-01 14:51:00
T1_893,4228,56.07,2023-01-01 14:52:00
T1_894,4719,223.08,2023-01-01 14:53:00
T1_895,3371,222.37,2023-01-01 14:54:00
T1_896,3891,110.5,2023-01-01 14:55:00
T1_897,4756,559.54,2023-01-01 14:56:00
T1_898,5225,20.12,2023-01-01 14:57:00
T1_899,1094,2.56,2023-01-01 14:58:00
T1_900,3674,220.55,2023-01-01 14:59:00
T1_901,7898,246.88,2023-01-01 15:00:00
T1_902,1793,19.21,2023-01-01 15:01:00
T1_903,3116,46.3,2023-01-01 15:02:00
T1_904,6779,2.66,2023-01-01 15:03:00
T1_905,7166,52.07,2023-01-01 15:04:00
T1_906,1814,222.51,2023-01-01 15:05:00
T1_907,1345,109.46,2023-01-01 15:06:00
T1_908,9554,64.18,2023-01-01 15:07:00
T1_909,3443,69.72,2023-01-01 15:08:00
T1_910,8783,0.2,2023-01-01 15:09:00
T1_911,1984,53.46,2023-01-01 15:10:00
T1_912,8790,155.96,2023-01-01 15:11:00
T1_913,1827,548.57,2023-01-01 15:12:00
T1_914,4531,281.66,2023-01-01 15:13:00
T1_915,8147,3.58,2023-01-01 15:14:00
T1_916,5451,343.24,2023-01-01 15:15:00
T1_917,4876,229.32,2023-01-01 15:16:00
T1_918,6959,227.38,2023-01-01 15:17:00
T1_919,1126,91.87,2023-01-01 15:18:00
T1_920,4177,76.13,2023-01-01 15:19:00
T1_921,9795,54.13,2023-01-01 15:20:00
T1_922,7024,10.19,2023-01-01 15:21:00
T1_923,6109,38.86,2023-01-01 15:22:00
T1_924,5146,42.47,2023-01-01 15:23:00
T1_925,8196,99.27,2023-01-01 15:24:00
T1_926,4368,206.42,2023-01-01 15:25:00
T1_927,4797,96.31,2023-01-01 15:26:00
T1_928,2792,8.94,2023-01-01 15:27:00
T1_929,6732,474.76,2023-01-01 15:28:00
T1_930,4476,428.98,2023-01-01 15:29:00
T1_931,4417,230.7,2023-01-01 15:30:00
T1_932,2645,712.15,2023-01-01 15:31:00
T1_933,4030,117.95,2023-01-01 15:32:00
T1_934,3872,493.59,2023-01-01 15:33:00
T1_935,4072,11.79,2023-01-01 15:34:00
T1_936,2854,68.28,2023-01-01 15:35:00
T1_937,5021,38.31,2023-01-01 15:36:00
T1_938,5662,32.69,2023-01-01 15:37:00
T1_939,7514,22.76,2023-01-01 15:38:00
T1_940,6031,146.09,2023-01-01 15:39:00
T1_941,3708,228.02,2023-01-01 15:40:00
T1_942,8112,129.52,2023-01-01 15:41:00
T1_943,9393,23.84,2023-01-01 15:42:00
T1_944,4507,250.0,2023-01-01 15:43:00
T1_945,7456,151.57,2023-01-01 15:44:00
T1_946,5212,73.69,2023-01-01 15:45:00
T1_947,8970,168.19,2023-01-01 15:46:00
T1_948,9766,45.15,2023-01-01 15:47:00
T1_949,1536,63.51,2023-01-01 15:48:00
T1_950,2625,374.22,2023-01-01 15:49:00
T1_951,8973,51.48,2023-01-01 15:50:00
T1_952,9577,95.23,2023-01-01 15:51:00
T1_953,9070,331.28,2023-01-01 15:52:00
T1_954,9666,184.51,2023-01-01 15:53:00
T1_955,9609,9.63,2023-01-01 15:54:00
T1_956,7490,23.9,2023-01-01 15:55:00
T1_957,4600,1.18,2023-01-01 15:56:00
T1_958,7783,149.51,2023-01-01 15:57:00
T1_959,5971,89.04,2023-01-01 15:58:00
T1_960,2205,21.63,2023-01-01 15:59:00
T1_961,2990,475.28,2023-01-01 16:00:00
T1_962,6299,113.14,2023-01-01 16:01:00
T1_963,4572,41.54,2023-01-01 16:02:00
T1_964,6975,104.15,2023-01-01 16:03:00
T1_965,7320,170.74,2023-01-01 16:04:00
T1_966,5380,11.9,2023-01-01 16:05:00
T1_967,5757,48.18,2023-01-01 16:06:00
T1_968,3713,246.73,2023-01-01 16:07:00
T1_969,6588,92.33,2023-01-01 16:08:00
T1_970,1966,118.64,2023-01-01 16:09:00
T1_971,5944,85.06,2023-01-01 16:10:00
T1_972,4432,6.73,2023-01-01 16:11:00
T1_973,1688,27.18,2023-01-01 16:12:00
T1_974,5243,88.46,2023-01-01 16:13:00
T1_975,4701,35.2,2023-01-01 16:14:00
T1_976,9533,7.69,2023-01-01 16:15:00
T1_977,6182,278.35,2023-01-01 16:16:00
T1_978,7704,596.03,2023-01-01 16:17:00
T1_979,5422,236.36,2023-01-01 16:18:00
T1_980,2759,288.4,2023-01-01 16:19:00
T1_981,3482,41.56,2023-01-01 16:20:00
T1_982,9058,485.2,2023-01-01 16:21:00
T1_983,1951,32.9,2023-01-01 16:22:00
T1_984,9914,453.71,2023-01-01 16:23:00
T1_985,3079,789.42,2023-01-01 16:24:00
T1_986,3717,186.57,2023-01-01 16:25:00
T1_987,5524,595.64,2023-01-01 16:26:00
T1_988,9477,126.44,2023-01-01 16:27:00
T1_989,8311,45.07,2023-01-01 16:28:00
T1_990,8186,86.17,2023-01-01 16:29:00
T1_991,3065,135.05,2023-01-01 16:30:00
T1_992,1768,11.38,2023-01-01 16:31:00
T1_993,6490,146.07,2023-01-01 16:32:00
T1_994,7645,595.91,2023-01-01 16:33:00
T1_995,6083,31.63,2023-01-01 16:34:00
T1_996,6232,235.96,2023-01-01 16:35:00
T1_997,6797,357.73,2023-01-01 16:36:00
T1_998,5926,431.56,2023-01-01 16:37:00
T1_999,7016,483.34,2023-01-01 16:38:00
T1_1000,4335,110.55,2023-01-01 16:39:00
T1_1001,9038,567.86,2023-01-01 16:40:00
T1_1002,5873,212.4,2023-01-01 16:41:00
T1_1003,2481,26.45,2023-01-01 16:42:00
T1_1004,7305,97.2,2023-01-01 16:43:00
T1_1005,4451,190.05,2023-01-01 16:44:00
T1_1006,1054,42.62,2023-01-01 16:45:00
T1_1007,8643,153.5,2023-01-01 16:46:00
T1_1008,4462,164.76,2023-01-01 16:47:00
T1_1009,1832,26.64,2023-01-01 16:48:00
T1_1010,6954,124.89,2023-01-01 16:49:00
T1_1011,9519,221.52,2023-01-01 16:50:00
T1_1012,8221,103.64,2023-01-01 16:51:00
T1_1013,4310,1.83,2023-01-01 16:52:00
T1_1014,4300,1.36,2023-01-01 16:53:00
T1_1015,7722,66.25,2023-01-01 16:54:00
T1_1016,8218,390.95,2023-01-01 16:55:00
T1_1017,8776,38.95,2023-01-01 16:56:00
T1_1018,4675,150.92,2023-01-01 16:57:00
T1_1019,4054,37.67,2023-01-01 16:58:00
T1_1020,8970,58.22,2023-01-01 16:59:00
T1_1021,3143,282.62,2023-01-01 17:00:00
T1_1022,6207,195.77,2023-01-01 17:01:00
T1_1023,3538,15.04,2023-01-01 17:02:00
T1_1024,5547,83.98,2023-01-01 17:03:00
T1_1025,6619,4.44,2023-01-01 17:04:00
T1_1026,9356,98.35,2023-01-01 17:05:00
T1_1027,7612,162.9,2023-01-01 17:06:00
T1_1028,6005,18.92,2023-01-01 17:07:00
T1_1029,1822,51.14,2023-01-01 17:08:00
T1_1030,1943,76.08,2023-01-01 17:09:00
T1_1031,7150,377.98,2023-01-01 17:10:00
T1_1032,5425,749.84,2023-01-01 17:11:00
T1_1033,9966,6.89,2023-01-01 17:12:00
T1_1034,3198,214.7,2023-01-01 17:13:00
T1_1035,5242,69.72,2023-01-01 17:14:00
T1_1036,4695,74.75,2023-01-01 17:15:00
T1_1037,4452,210.53,2023-01-01 17:16:00
T1_1038,2308,375.94,2023-01-01 17:17:00
T1_1039,5177,452.17,2023-01-01 17:18:00
T1_1040,9705,129.1,2023-01-01 17:19:00
T1_1041,7852,66.27,2023-01-01 17:20:00
T1_1042,7035,232.36,2023-01-01 17:21:00
T1_1043,4594,43.35,2023-01-01 17:22:00
T1_1044,5841,124.54,2023-01-01 17:23:00
T1_1045,2409,66.61,2023-01-01 17:24:00
T1_1046,5566,160.34,2023-01-01 17:25:00
T1_1047,5491,41.24,2023-01-01 17:26:00
T1_1048,2555,31.9,2023-01-01 17:27:00
T1_1049,1804,375.59,2023-01-01 17:28:00
T1_1050,2279,16.1,2023-01-01 17:29:00
T1_1051,8083,105.77,2023-01-01 17:30:00
T1_1052,6986,37.43,2023-01-01 17:31:00
T1_1053,6619,5.96,2023-01-01 17:32:00
T1_1054,2387,5.5,2023-01-01 17:33:00
T1_1055,3679,28.9,2023-01-01 17:34:00
T1_1056,3106,302.35,2023-01-01 17:35:00
T1_1057,9173,49.79,2023-01-01 17:36:00
T1_1058,5223,450.74,2023-01-01 17:37:00
T1_1059,5831,130.71,2023-01-01 17:38:00
T1_1060,3768,86.07,2023-01-01 17:39:00
T1_1061,4186,130.16,2023-01-01 17:40:00
T1_1062,3573,109.07,2023-01-01 17:41:00
T1_1063,3599,213.3,2023-01-01 17:42:00
T1_1064,5033,49.8,2023-01-01 17:43:00
T1_1065,9428,65.32,2023-01-01 17:44:00
T1_1066,2304,336.78,2023-01-01 17:45:00
T1_1067,8368,439.09,2023-01-01 17:46:00
T1_1068,6877,334.62,2023-01-01 17:47:00
T1_1069,2301,81.57,2023-01-01 17:48:00
T1_1070,3541,227.37,2023-01-01 17:49:00
T1_1071,3051,97.04,2023-01-01 17:50:00
T1_1072,7809,103.24,2023-01-01 17:51:00
T1_1073,9633,34.35,2023-01-01 17:52:00
T1_1074,9996,134.15,2023-01-01 17:53:00
T1_1075,1074,30.89,2023-01-01 17:54:00
T1_1076,7981,60.42,2023-01-01 17:55:00
T1_1077,6475,289.68,2023-01-01 17:56:00
T1_1078,9232,34.8,2023-01-01 17:57:00
T1_1079,8184,11.07,2023-01-01 17:58:00
T1_1080,6796,10.73,2023-01-01 17:59:00
T1_1081,8141,423.99,2023-01-01 18:00:00
T1_1082,2622,106.06,2023-01-01 18:01:00
T1_1083,9041,79.0,2023-01-01 18:02:00
T1_1084,1341,249.8,2023-01-01 18:03:00
T1_1085,3074,271.02,2023-01-01 18:04:00
T1_1086,8992,60.56,2023-01-01 18:05:00
T1_1087,1645,177.44,2023-01-01 18:06:00
T1_1088,5263,221.19,2023-01-01 18:07:00
T1_1089,9801,159.48,2023-01-01 18:08:00
T1_1090,7136,24.66,2023-01-01 18:09:00
T1_1091,9646,312.98,2023-01-01 18:10:00
T1_1092,3969,116.18,2023-01-01 18:11:00
T1_1093,4028,49.79,2023-01-01 18:12:00
T1_1094,8643,83.07,2023-01-01 18:13:00
T1_1095,3681,5.74,2023-01-01 18:14:00
T1_1096,4629,20.52,2023-01-01 18:15:00
T1_1097,5225,217.57,2023-01-01 18:16:00
T1_1098,4067,0.0,2023-01-01 18:17:00
T1_1099,6941,80.82,2023-01-01 18:18:00
T1_1100,2386,110.88,2023-01-01 18:19:00
T1_1101,3866,8.43,2023-01-01 18:20:00
T1_1102,5788,542.22,2023-01-01 18:21:00
T1_1103,6490,38.45,2023-01-01 18:22:00
T1_1104,5124,54.4,2023-01-01 18:23:00
T1_1105,9340,54.35,2023-01-01 18:24:00
T1_1106,4850,39.29,2023-01-01 18:25:00
T1_1107,6415,0.22,2023-01-01 18:26:00
T1_1108,8679,196.04,2023-01-01 18:27:00
T1_1109,7819,510.99,2023-01-01 18:28:00
T1_1110,9378,38.1,2023-01-01 18:29:00
T1_1111,2333,163.17,2023-01-01 18:30:00
T1_1112,5150,203.16,2023-01-01 18:31:00
T1_1113,7766,283.0,2023-01-01 18:32:00
T1_1114,3711,82.39,2023-01-01 18:33:00
T1_1115,5853,54.13,2023-01-01 18:34:00
T1_1116,7212,59.02,2023-01-01 18:35:00
T1_1117,8479,187.04,2023-01-01 18:36:00
T1_1118,6408,254.56,2023-01-01 18:37:00
T1_1119,8715,30.06,2023-01-01 18:38:00
T1_1120,9942,69.53,2023-01-01 18:39:00
T1_1121,2762,348.33,2023-01-01 18:40:00
T1_1122,8101,246.52,2023-01-01 18:41:00
T1_1123,8674,628.55,2023-01-01 18:42:00
T1_1124,7122,210.52,2023-01-01 18:43:00
T1_1125,1481,74.93,2023-01-01 18:44:00
T1_1126,1153,133.97,2023-01-01 18:45:00
T1_1127,8617,162.27,2023-01-01 18:46:00
T1_1128,2524,12.26,2023-01-01 18:47:00
T1_1129,3120,117.95,2023-01-01 18:48:00
T1_1130,3343,185.33,2023-01-01 18:49:00
T1_1131,6136,27.47,2023-01-01 18:50:00
T1_1132,6760,227.55,2023-01-01 18:51:00
T1_1133,2240,131.48,2023-01-01 18:52:00
T1_1134,1060,456.18,2023-01-01 18:53:00
T1_1135,2639,6.5,2023-01-01 18:54:00
T1_1136,7185,46.25,2023-01-01 18:55:00
T1_1137,8970,138.03,2023-01-01 18:56:00
T1_1138,2252,52.77,2023-01-01 18:57:00
T1_1139,5203,187.99,2023-01-01 18:58:00
T1_1140,9363,213.45,2023-01-01 18:59:00
T1_1141,4549,16.22,2023-01-01 19:00:00
T1_1142,5197,108.19,2023-01-01 19:01:00
T1_1143,8009,106.66,2023-01-01 19:02:00
T1_1144,7667,69.13,2023-01-01 19:03:00
T1_1145,3322,405.29,2023-01-01 19:04:00
T1_1146,5090,263.61,2023-01-01 19:05:00
T1_1147,7960,179.21,2023-01-01 19:06:00
T1_1148,4004,187.94,2023-01-01 19:07:00
T1_1149,6136,92.91,2023-01-01 19:08:00
T1_1150,1329,380.74,2023-01-01 19:09:00
T1_1151,4640,177.92,2023-01-01 19:10:00
T1_1152,8982,195.83,2023-01-01 19:11:00
T1_1153,5107,296.74,2023-01-01 19:12:00
T1_1154,2341,48.05,2023-01-01 19:13:00
T1_1155,9407,246.81,2023-01-01 19:14:00
T1_1156,1338,32.58,2023-01-01 19:15:00
T1_1157,6895,63.55,2023-01-01 19:16:00
T1_1158,3708,61.33,2023-01-01 19:17:00
T1_1159,2750,576.13,2023-01-01 19:18:00
T1_1160,6604,291.25,2023-01-01 19:19:00
T1_1161,3421,181.18,2023-01-01 19:20:00
T1_1162,8119,194.77,2023-01-01 19:21:00
T1_1163,9901,123.86,2023-01-01 19:22:00
T1_1164,6319,440.88,2023-01-01 19:23:00
T1_1165,7609,102.85,2023-01-01 19:24:00
T1_1166,6387,71.83,2023-01-01 19:25:00
T1_1167,4993,26.7,2023-01-01 19:26:00
T1_1168,9680,231.41,2023-01-01 19:27:00
T1_1169,9044,198.89,2023-01-01 19:28:00
T1_1170,9238,72.76,2023-01-01 19:29:00
T1_1171,5873,3.83,2023-01-01 19:30:00
T1_1172,5806,273.95,2023-01-01 19:31:00
T1_1173,9592,1.72,2023-01-01 19:32:00
T1_1174,6913,182.46,2023-01-01 19:33:00
T1_1175,8124,527.27,2023-01-01 19:34:00
T1_1176,4157,86.35,2023-01-01 19:35:00
T1_1177,1390,40.18,2023-01-01 19:36:00
T1_1178,5430,183.05,2023-01-01 19:37:00
T1_1179,9820,254.85,2023-01-01 19:38:00
T1_1180,8686,118.59,2023-01-01 19:39:00
T1_1181,5232,511.85,2023-01-01 19:40:00
T1_1182,9007,7.96,2023-01-01 19:41:00
T1_1183,2521,105.42,2023-01-01 19:42:00
T1_1184,2500,190.12,2023-01-01 19:43:00
T1_1185,7737,297.77,2023-01-01 19:44:00
T1_1186,4294,29.63,2023-01-01 19:45:00
T1_1187,6085,241.42,2023-01-01 19:46:00
T1_1188,3419,120.68,2023-01-01 19:47:00
T1_1189,4042,75.76,2023-01-01 19:48:00
T1_1190,5497,21.19,2023-01-01 19:49:00
T1_1191,2466,300.7,2023-01-01 19:50:00
T1_1192,4561,25.67,2023-01-01 19:51:00
T1_1193,1614,55.61,2023-01-01 19:52:00
T1_1194,6392,51.38,2023-01-01 19:53:00
T1_1195,8693,307.67,2023-01-01 19:54:00
T1_1196,4223,167.53,2023-01-01 19:55:00
T1_1197,8138,238.95,2023-01-01 19:56:00
T1_1198,3667,43.25,2023-01-01 19:57:00
T1_1199,8980,147.07,2023-01-01 19:58:00
T1_1200,1130,127.21,2023-01-01 19:59:00
T1_1201,3983,268.31,2023-01-01 20:00:00
T1_1202,5278,354.81,2023-01-01 20:01:00
T1_1203,8126,1.83,2023-01-01 20:02:00
T1_1204,9230,168.14,2023-01-01 20:03:00
T1_1205,8694,7.98,2023-01-01 20:04:00
T1_1206,7640,119.4,2023-01-01 20:05:00
T1_1207,6468,50.87,2023-01-01 20:06:00
T1_1208,1920,54.96,2023-01-01 20:07:00
T1_1209,8564,65.3,2023-01-01 20:08:00
T1_1210,9684,145.65,2023-01-01 20:09:00
T1_1211,9502,60.98,2023-01-01 20:10:00
T1_1212,9930,197.91,2023-01-01 20:11:00
T1_1213,4241,77.76,2023-01-01 20:12:00
T1_1214,1545,10.62,2023-01-01 20:13:00
T1_1215,5346,229.7,2023-01-01 20:14:00
T1_1216,4810,50.48,2023-01-01 20:15:00
T1_1217,8206,85.05,2023-01-01 20:16:00
T1_1218,3032,173.49,2023-01-01 20:17:00
T1_1219,9436,60.62,2023-01-01 20:18:00
T1_1220,1271,8.74,2023-01-01 20:19:00
T1_1221,4511,70.24,2023-01-01 20:20:00
T1_1222,2771,433.57,2023-01-01 20:21:00
T1_1223,5361,153.97,2023-01-01 20:22:00
T1_1224,8069,166.97,2023-01-01 20:23:00
T1_1225,1920,150.07,2023-01-01 20:24:00
T1_1226,9190,33.28,2023-01-01 20:25:00
T1_1227,4430,81.28,2023-01-01 20:26:00
T1_1228,5435,208.51,2023-01-01 20:27:00
T1_1229,4760,16.03,2023-01-01 20:28:00
T1_1230,3050,48.83,2023-01-01 20:29:00
T1_1231,2165,48.51,2023-01-01 20:30:00
T1_1232,9567,84.85,2023-01-01 20:31:00
T1_1233,3033,589.59,2023-01-01 20:32:00
T1_1234,7467,10.48,2023-01-01 20:33:00
T1_1235,1145,109.69,2023-01-01 20:34:00
T1_1236,5388,29.65,2023-01-01 20:35:00
T1_1237,8832,529.41,2023-01-01 20:36:00
T1_1238,9623,18.04,2023-01-01 20:37:00
T1_1239,9896,77.53,2023-01-01 20:38:00
T1_1240,9173,200.85,2023-01-01 20:39:00
T1_1241,3632,182.89,2023-01-01 20:40:00
T1_1242,5494,82.42,2023-01-01 20:41:00
T1_1243,9056,63.82,2023-01-01 20:42:00
T1_1244,8511,76.03,2023-01-01 20:43:00
T1_1245,2828,46.04,2023-01-01 20:44:00
T1_1246,5805,34.47,2023-01-01 20:45:00
T1_1247,1806,98.97,2023-01-01 20:46:00
T1_1248,8486,46.91,2023-01-01 20:47:00
T1_1249,9202,50.84,2023-01-01 20:48:00
T1_1250,2868,160.4,2023-01-01 20:49:00
T1_1251,8878,518.84,2023-01-01 20:50:00
T1_1252,6690,138.81,2023-01-01 20:51:00
T1_1253,8827,12.02,2023-01-01 20:52:00
T1_1254,6429,11.79,2023-01-01 20:53:00
T1_1255,4564,453.69,2023-01-01 20:54:00
T1_1256,2389,52.92,2023-01-01 20:55:00
T1_1257,8274,14.49,2023-01-01 20:56:00
T1_1258,1824,137.09,2023-01-01 20:57:00
T1_1259,3265,146.58,2023-01-01 20:58:00
T1_1260,1936,156.83,2023-01-01 20:59:00
T1_1261,7402,46.67,2023-01-01 21:00:00
T1_1262,4845,2.28,2023-01-01 21:01:00
T1_1263,2796,502.93,2023-01-01 21:02:00
T1_1264,9245,43.33,2023-01-01 21:03:00
T1_1265,8214,169.06,2023-01-01 21:04:00
T1_1266,1726,183.95,2023-01-01 21:05:00
T1_1267,3736,141.24,2023-01-01 21:06:00
T1_1268,2913,56.29,2023-01-01 21:07:00
T1_1269,8657,47.43,2023-01-01 21:08:00
T1_1270,3466,136.57,2023-01-01 21:09:00
T1_1271,8312,301.59,2023-01-01 21:10:00
T1_1272,9194,439.87,2023-01-01 21:11:00
T1_1273,8906,16.79,2023-01-01 21:12:00
T1_1274,5876,25.23,2023-01-01 21:13:00
T1_1275,8287,434.35,2023-01-01 21:14:00
T1_1276,1892,200.08,2023-01-01 21:15:00
T1_1277,5675,321.83,2023-01-01 21:16:00
T1_1278,2933,33.97,2023-01-01 21:17:00
T1_1279,2380,132.86,2023-01-01 21:18:00
T1_1280,2290,181.17,2023-01-01 21:19:00
T1_1281,2640,170.97,2023-01-01 21:20:00
T1_1282,8490,78.68,2023-01-01 21:21:00
T1_1283,2218,2.33,2023-01-01 21:22:00
T1_1284,6016,131.17,2023-01-01 21:23:00
T1_1285,7881,43.77,2023-01-01 21:24:00
T1_1286,1954,89.74,2023-01-01 21:25:00
T1_1287,8291,474.02,2023-01-01 21:26:00
T1_1288,1974,76.38,2023-01-01 21:27:00
T1_1289,5133,274.7,2023-01-01 21:28:00
T1_1290,6370,31.34,2023-01-01 21:29:00
T1_1291,4972,167.42,2023-01-01 21:30:00
T1_1292,6295,565.88,2023-01-01 21:31:00
T1_1293,9228,16.12,2023-01-01 21:32:00
T1_1294,4020,1.25,2023-01-01 21:33:00
T1_1295,9987,85.26,2023-01-01 21:34:00
T1_1296,5036,14.58,2023-01-01 21:35:00
T1_1297,6068,206.98,2023-01-01 21:36:00
T1_1298,6233,368.97,2023-01-01 21:37:00
T1_1299,1317,85.38,2023-01-01 21:38:00
T1_1300,3396,44.9,2023-01-01 21:39:00
T1_1301,3162,85.48,2023-01-01 21:40:00
T1_1302,3745,192.8,2023-01-01 21:41:00
T1_1303,2591,1.36,2023-01-01 21:42:00
T1_1304,7183,133.54,2023-01-01 21:43:00
T1_1305,4930,142.51,2023-01-01 21:44:00
T1_1306,2312,152.29,2023-01-01 21:45:00
T1_1307,5311,41.57,2023-01-01 21:46:00
T1_1308,8314,187.79,2023-01-01 21:47:00
T1_1309,3383,14.38,2023-01-01 21:48:00
T1_1310,4239,33.33,2023-01-01 21:49:00
T1_1311,3139,314.91,2023-01-01 21:50:00
T1_1312,2704,201.33,2023-01-01 21:51:00
T1_1313,7924,2.08,2023-01-01 21:52:00
T1_1314,1362,42.83,2023-01-01 21:53:00
T1_1315,3604,36.2,2023-01-01 21:54:00
T1_1316,5286,47.37,2023-01-01 21:55:00
T1_1317,4738,42.67,2023-01-01 21:56:00
T1_1318,3469,9.68,2023-01-01 21:57:00
T1_1319,5795,92.13,2023-01-01 21:58:00
T1_1320,7150,197.93,2023-01-01 21:59:00
T1_1321,1556,139.99,2023-01-01 22:00:00
T1_1322,3808,167.61,2023-01-01 22:01:00
T1_1323,6150,12.69,2023-01-01 22:02:00
T1_1324,8561,453.9,2023-01-01 22:03:00
T1_1325,3719,273.48,2023-01-01 22:04:00
T1_1326,7506,245.28,2023-01-01 22:05:00
T1_1327,4741,259.73,2023-01-01 22:06:00
T1_1328,4998,404.81,2023-01-01 22:07:00
T1_1329,3403,117.87,2023-01-01 22:08:00
T1_1330,9780,33.52,2023-01-01 22:09:00
T1_1331,1294,143.87,2023-01-01 22:10:00
T1_1332,6343,203.73,2023-01-01 22:11:00
T1_1333,2136,200.86,2023-01-01 22:12:00
T1_1334,3064,110.55,2023-01-01 22:13:00
T1_1335,8009,10.64,2023-01-01 22:14:00
T1_1336,5543,69.57,2023-01-01 22:15:00
T1_1337,2007,380.3,2023-01-01 22:16:00
T1_1338,6445,131.72,2023-01-01 22:17:00
T1_1339,6352,115.94,2023-01-01 22:18:00
T1_1340,2435,46.97,2023-01-01 22:19:00
T1_1341,1571,68.94,2023-01-01 22:20:00
T1_1342,3382,338.56,2023-01-01 22:21:00
T1_1343,6084,164.7,2023-01-01 22:22:00
T1_1344,1277,232.24,2023-01-01 22:23:00
T1_1345,8059,90.87,2023-01-01 22:24:00
T1_1346,2887,149.24,2023-01-01 22:25:00
T1_1347,2265,42.83,2023-01-01 22:26:00
T1_1348,8491,183.35,2023-01-01 22:27:00
T1_1349,2040,83.69,2023-01-01 22:28:00
T1_1350,9073,87.66,2023-01-01 22:29:00
T1_1351,3752,157.18,2023-01-01 22:30:00
T1_1352,9213,412.99,2023-01-01 22:31:00
T1_1353,5569,9.92,2023-01-01 22:32:00
T1_1354,7353,261.23,2023-01-01 22:33:00
T1_1355,3353,51.88,2023-01-01 22:34:00
T1_1356,8437,88.03,2023-01-01 22:35:00
T1_1357,5799,3.32,2023-01-01 22:36:00
T1_1358,1686,53.73,2023-01-01 22:37:00
T1_1359,9476,104.76,2023-01-01 22:38:00
T1_1360,5811,8.67,2023-01-01 22:39:00
T1_1361,9954,101.32,2023-01-01 22:40:00
T1_1362,6346,392.82,2023-01-01 22:41:00
T1_1363,6043,16.71,2023-01-01 22:42:00
T1_1364,3428,216.87,2023-01-01 22:43:00
T1_1365,6126,79.06,2023-01-01 22:44:00
T1_1366,9220,159.71,2023-01-01 22:45:00
T1_1367,8813,45.21,2023-01-01 22:46:00
T1_1368,4356,26.06,2023-01-01 22:47:00
T1_1369,9707,26.24,2023-01-01 22:48:00
T1_1370,8266,10.96,2023-01-01 22:49:00
T1_1371,7540,30.8,2023-01-01 22:50:00
T1_1372,1038,163.69,2023-01-01 22:51:00
T1_1373,4342,320.17,2023-01-01 22:52:00
T1_1374,3844,252.4,2023-01-01 22:53:00
T1_1375,2098,173.34,2023-01-01 22:54:00
T1_1376,8027,17.55,2023-01-01 22:55:00
T1_1377,2823,51.2,2023-01-01 22:56:00
T1_1378,4155,55.62,2023-01-01 22:57:00
T1_1379,4093,43.14,2023-01-01 22:58:00
T1_1380,6658,108.54,2023-01-01 22:59:00
T1_1381,4778,115.04,2023-01-01 23:00:00
T1_1382,3896,66.21,2023-01-01 23:01:00
T1_1383,1988,65.49,2023-01-01 23:02:00
T1_1384,5116,264.52,2023-01-01 23:03:00
T1_1385,7446,233.59,2023-01-01 23:04:00
T1_1386,5179,55.18,2023-01-01 23:05:00
T1_1387,2682,367.64,2023-01-01 23:06:00
T1_1388,6626,458.05,2023-01-01 23:07:00
T1_1389,8424,59.34,2023-01-01 23:08:00
T1_1390,1933,65.64,2023-01-01 23:09:00
T1_1391,4598,105.67,2023-01-01 23:10:00
T1_1392,2980,424.84,2023-01-01 23:11:00
T1_1393,4056,313.51,2023-01-01 23:12:00
T1_1394,9984,16.23,2023-01-01 23:13:00
T1_1395,1791,74.82,2023-01-01 23:14:00
T1_1396,6390,120.9,2023-01-01 23:15:00
T1_1397,7635,104.91,2023-01-01 23:16:00
T1_1398,3255,32.33,2023-01-01 23:17:00
T1_1399,4610,293.65,2023-01-01 23:18:00
T1_1400,2607,169.49,2023-01-01 23:19:00
T1_1401,6179,272.94,2023-01-01 23:20:00
T1_1402,7573,293.6,2023-01-01 23:21:00
T1_1403,1984,206.96,2023-01-01 23:22:00
T1_1404,6776,86.76,2023-01-01 23:23:00
T1_1405,4676,141.45,2023-01-01 23:24:00
T1_1406,4380,26.22,2023-01-01 23:25:00
T1_1407,9711,167.97,2023-01-01 23:26:00
T1_1408,9782,29.63,2023-01-01 23:27:00
T1_1409,2050,177.6,2023-01-01 23:28:00
T1_1410,4633,39.13,2023-01-01 23:29:00
T1_1411,7342,18.76,2023-01-01 23:30:00
T1_1412,1959,27.1,2023-01-01 23:31:00
T1_1413,7059,0.3,2023-01-01 23:32:00
T1_1414,9884,190.27,2023-01-01 23:33:00
T1_1415,6655,197.74,2023-01-01 23:34:00
T1_1416,5473,108.52,2023-01-01 23:35:00
T1_1417,3946,26.4,2023-01-01 23:36:00
T1_1418,8725,13.09,2023-01-01 23:37:00
T1_1419,1526,2.9,2023-01-01 23:38:00
T1_1420,4224,27.18,2023-01-01 23:39:00
T1_1421,2875,332.26,2023-01-01 23:40:00
T1_1422,2763,41.47,2023-01-01 23:41:00
T1_1423,9712,65.61,2023-01-01 23:42:00
T1_1424,6797,16.7,2023-01-01 23:43:00
T1_1425,8099,37.72,2023-01-01 23:44:00
T1_1426,6109,109.85,2023-01-01 23:45:00
T1_1427,7644,140.38,2023-01-01 23:46:00
T1_1428,1116,42.23,2023-01-01 23:47:00
T1_1429,3433,8.92,2023-01-01 23:48:00
T1_1430,6463,74.4,2023-01-01 23:49:00
T1_1431,1583,40.03,2023-01-01 23:50:00
T1_1432,9586,37.18,2023-01-01 23:51:00
T1_1433,4788,482.32,2023-01-01 23:52:00
T1_1434,5167,143.68,2023-01-01 23:53:00
T1_1435,9465,122.09,2023-01-01 23:54:00
T1_1436,2389,80.62,2023-01-01 23:55:00
T1_1437,9357,84.04,2023-01-01 23:56:00
T1_1438,7154,116.77,2023-01-01 23:57:00
T1_1439,6420,178.82,2023-01-01 23:58:00
T1_1440,9920,181.67,2023-01-01 23:59:00
T1_1441,3043,28.26,2023-01-02 00:00:00
T1_1442,5197,104.01,2023-01-02 00:01:00
T1_1443,4496,79.64,2023-01-02 00:02:00
T1_1444,1778,306.64,2023-01-02 00:03:00
T1_1445,1213,149.71,2023-01-02 00:04:00
T1_1446,4762,114.05,2023-01-02 00:05:00
T1_1447,7731,18.39,2023-01-02 00:06:00
T1_1448,4117,139.57,2023-01-02 00:07:00
T1_1449,6791,18.7,2023-01-02 00:08:00
T1_1450,9783,61.69,2023-01-02 00:09:00
T1_1451,3720,23.12,2023-01-02 00:10:00
T1_1452,9905,176.68,2023-01-02 00:11:00
T1_1453,7047,34.65,2023-01-02 00:12:00
T1_1454,9032,74.6,2023-01-02 00:13:00
T1_1455,1001,339.04,2023-01-02 00:14:00
T1_1456,7368,34.28,2023-01-02 00:15:00
T1_1457,2949,106.33,2023-01-02 00:16:00
T1_1458,7732,81.52,2023-01-02 00:17:00
T1_1459,8833,2.74,2023-01-02 00:18:00
T1_1460,1917,236.08,2023-01-02 00:19:00
T1_1461,4174,10.73,2023-01-02 00:20:00
T1_1462,8014,96.44,2023-01-02 00:21:00
T1_1463,1089,123.38,2023-01-02 00:22:00
T1_1464,2709,148.5,2023-01-02 00:23:00
T1_1465,4041,175.02,2023-01-02 00:24:00
T1_1466,1105,43.81,2023-01-02 00:25:00
T1_1467,9619,1.5,2023-01-02 00:26:00
T1_1468,2895,192.8,2023-01-02 00:27:00
T1_1469,7090,115.07,2023-01-02 00:28:00
T1_1470,9508,271.29,2023-01-02 00:29:00
T1_1471,7082,258.38,2023-01-02 00:30:00
T1_1472,1634,278.04,2023-01-02 00:31:00
T1_1473,2925,99.57,2023-01-02 00:32:00
T1_1474,3056,60.89,2023-01-02 00:33:00
T1_1475,7917,235.21,2023-01-02 00:34:00
T1_1476,4144,90.03,2023-01-02 00:35:00
T1_1477,1552,30.4,2023-01-02 00:36:00
T1_1478,9907,289.63,2023-01-02 00:37:00
T1_1479,6383,321.27,2023-01-02 00:38:00
T1_1480,4911,94.19,2023-01-02 00:39:00
T1_1481,4389,11.81,2023-01-02 00:40:00
T1_1482,9442,73.61,2023-01-02 00:41:00
T1_1483,3430,244.09,2023-01-02 00:42:00
T1_1484,1458,348.07,2023-01-02 00:43:00
T1_1485,1207,34.12,2023-01-02 00:44:00
T1_1486,1899,10.4,2023-01-02 00:45:00
T1_1487,1021,314.76,2023-01-02 00:46:00
T1_1488,9601,74.0,2023-01-02 00:47:00
T1_1489,1894,117.05,2023-01-02 00:48:00
T1_1490,1514,516.61,2023-01-02 00:49:00
T1_1491,8294,10.33,2023-01-02 00:50:00
T1_1492,5904,156.75,2023-01-02 00:51:00
T1_1493,8867,11.55,2023-01-02 00:52:00
T1_1494,5109,70.61,2023-01-02 00:53:00
T1_1495,8179,244.3,2023-01-02 00:54:00
T1_1496,2560,85.23,2023-01-02 00:55:00
T1_1497,2266,880.78,2023-01-02 00:56:00
T1_1498,4638,122.83,2023-01-02 00:57:00
T1_1499,9941,58.11,2023-01-02 00:58:00
T1_1500,4427,37.29,2023-01-02 00:59:00
T1_1501,5780,64.74,2023-01-02 01:00:00
T1_1502,2927,69.91,2023-01-02 01:01:00
T1_1503,3356,10.68,2023-01-02 01:02:00
T1_1504,5790,69.2,2023-01-02 01:03:00
T1_1505,1306,93.61,2023-01-02 01:04:00
T1_1506,8979,192.42,2023-01-02 01:05:00
T1_1507,4665,160.39,2023-01-02 01:06:00
T1_1508,8057,185.04,2023-01-02 01:07:00
T1_1509,1661,1.26,2023-01-02 01:08:00
T1_1510,5644,36.82,2023-01-02 01:09:00
T1_1511,9503,162.57,2023-01-02 01:10:00
T1_1512,3920,99.24,2023-01-02 01:11:00
T1_1513,9946,0.8,2023-01-02 01:12:00
T1_1514,7236,244.83,2023-01-02 01:13:00
T1_1515,7078,222.3,2023-01-02 01:14:00
T1_1516,1352,119.25,2023-01-02 01:15:00
T1_1517,8005,10.32,2023-01-02 01:16:00
T1_1518,1158,218.2,2023-01-02 01:17:00
T1_1519,1956,131.46,2023-01-02 01:18:00
T1_1520,3071,228.46,2023-01-02 01:19:00
T1_1521,9595,209.0,2023-01-02 01:20:00
T1_1522,4453,243.68,2023-01-02 01:21:00
T1_1523,7675,109.47,2023-01-02 01:22:00
T1_1524,1955,22.68,2023-01-02 01:23:00
T1_1525,7295,166.83,2023-01-02 01:24:00
T1_1526,2712,145.32,2023-01-02 01:25:00
T1_1527,5703,203.37,2023-01-02 01:26:00
T1_1528,7563,27.93,2023-01-02 01:27:00
T1_1529,6631,32.53,2023-01-02 01:28:00
T1_1530,2394,331.65,2023-01-02 01:29:00
T1_1531,5732,207.93,2023-01-02 01:30:00
T1_1532,4714,358.27,2023-01-02 01:31:00
T1_1533,1529,213.27,2023-01-02 01:32:00
T1_1534,3958,136.38,2023-01-02 01:33:00
T1_1535,8904,159.26,2023-01-02 01:34:00
T1_1536,4591,329.91,2023-01-02 01:35:00
T1_1537,7895,129.7,2023-01-02 01:36:00
T1_1538,1525,150.11,2023-01-02 01:37:00
T1_1539,7477,25.53,2023-01-02 01:38:00
T1_1540,1001,96.35,2023-01-02 01:39:00
T1_1541,1374,189.03,2023-01-02 01:40:00
T1_1542,5648,47.4,2023-01-02 01:41:00
T1_1543,3365,33.89,2023-01-02 01:42:00
T1_1544,2525,56.49,2023-01-02 01:43:00
T1_1545,2646,41.46,2023-01-02 01:44:00
T1_1546,1013,36.29,2023-01-02 01:45:00
T1_1547,5599,82.97,2023-01-02 01:46:00
T1_1548,3278,357.63,2023-01-02 01:47:00
T1_1549,4155,106.11,2023-01-02 01:48:00
T1_1550,9321,31.22,2023-01-02 01:49:00
T1_1551,4814,12.01,2023-01-02 01:50:00
T1_1552,4216,178.69,2023-01-02 01:51:00
T1_1553,9219,72.38,2023-01-02 01:52:00
T1_1554,3113,258.75,2023-01-02 01:53:00
T1_1555,5356,161.61,2023-01-02 01:54:00
T1_1556,6543,238.62,2023-01-02 01:55:00
T1_1557,5555,47.61,2023-01-02 01:56:00
T1_1558,8062,176.82,2023-01-02 01:57:00
T1_1559,4374,45.99,2023-01-02 01:58:00
T1_1560,7430,419.7,2023-01-02 01:59:00
T1_1561,4466,151.74,2023-01-02 02:00:00
T1_1562,4081,58.85,2023-01-02 02:01:00
T1_1563,1629,47.11,2023-01-02 02:02:00
T1_1564,1269,31.78,2023-01-02 02:03:00
T1_1565,6724,177.94,2023-01-02 02:04:00
T1_1566,6897,37.02,2023-01-02 02:05:00
T1_1567,4432,135.69,2023-01-02 02:06:00
T1_1568,7276,46.11,2023-01-02 02:07:00
T1_1569,6895,162.69,2023-01-02 02:08:00
T1_1570,8115,253.06,2023-01-02 02:09:00
T1_1571,7656,225.78,2023-01-02 02:10:00
T1_1572,1575,214.6,2023-01-02 02:11:00
T1_1573,8029,31.19,2023-01-02 02:12:00
T1_1574,7099,13.88,2023-01-02 02:13:00
T1_1575,4192,180.07,2023-01-02 02:14:00
T1_1576,4178,68.91,2023-01-02 02:15:00
T1_1577,7052,84.94,2023-01-02 02:16:00
T1_1578,3734,4.75,2023-01-02 02:17:00
T1_1579,7116,45.08,2023-01-02 02:18:00
T1_1580,4568,5.14,2023-01-02 02:19:00
T1_1581,3203,317.03,2023-01-02 02:20:00
T1_1582,2390,41.84,2023-01-02 02:21:00
T1_1583,2742,122.24,2023-01-02 02:22:00
T1_1584,2925,5.96,2023-01-02 02:23:00
T1_1585,1619,164.87,2023-01-02 02:24:00
T1_1586,2274,58.52,2023-01-02 02:25:00
T1_1587,1956,342.3,2023-01-02 02:26:00
T1_1588,2939,328.55,2023-01-02 02:27:00
T1_1589,4953,59.02,2023-01-02 02:28:00
T1_1590,1968,346.84,2023-01-02 02:29:00
T1_1591,1281,834.25,2023-01-02 02:30:00
T1_1592,7262,261.8,2023-01-02 02:31:00
T1_1593,2058,279.53,2023-01-02 02:32:00
T1_1594,5293,42.95,2023-01-02 02:33:00
T1_1595,6178,128.95,2023-01-02 02:34:00
T1_1596,7980,10.44,2023-01-02 02:35:00
T1_1597,2229,14.96,2023-01-02 02:36:00
T1_1598,5585,1020.86,2023-01-02 02:37:00
T1_1599,9467,59.32,2023-01-02 02:38:00
T1_1600,3740,206.86,2023-01-02 02:39:00
T1_1601,3289,246.5,2023-01-02 02:40:00
T1_1602,2239,292.81,2023-01-02 02:41:00
T1_1603,6370,906.62,2023-01-02 02:42:00
T1_1604,1125,41.46,2023-01-02 02:43:00
T1_1605,8473,6.18,2023-01-02 02:44:00
T1_1606,6342,79.45,2023-01-02 02:45:00
T1_1607,8351,20.9,2023-01-02 02:46:00
T1_1608,7638,3.4,2023-01-02 02:47:00
T1_1609,7570,67.04,2023-01-02 02:48:00
T1_1610,4249,229.69,2023-01-02 02:49:00
T1_1611,8595,125.27,2023-01-02 02:50:00
T1_1612,7294,56.26,2023-01-02 02:51:00
T1_1613,7527,159.35,2023-01-02 02:52:00
T1_1614,6757,39.6,2023-01-02 02:53:00
T1_1615,2969,2.17,2023-01-02 02:54:00
T1_1616,1891,216.81,2023-01-02 02:55:00
T1_1617,5470,146.62,2023-01-02 02:56:00
T1_1618,8175,215.51,2023-01-02 02:57:00
T1_1619,9320,5.96,2023-01-02 02:58:00
T1_1620,7812,272.21,2023-01-02 02:59:00
T1_1621,8519,144.95,2023-01-02 03:00:00
T1_1622,5612,124.31,2023-01-02 03:01:00
T1_1623,2198,146.97,2023-01-02 03:02:00
T1_1624,6238,299.74,2023-01-02 03:03:00
T1_1625,7089,132.62,2023-01-02 03:04:00
T1_1626,7257,130.46,2023-01-02 03:05:00
T1_1627,8705,701.33,2023-01-02 03:06:00
T1_1628,4719,212.04,2023-01-02 03:07:00
T1_1629,1302,87.59,2023-01-02 03:08:00
T1_1630,1986,184.34,2023-01-02 03:09:00
T1_1631,5440,73.96,2023-01-02 03:10:00
T1_1632,5909,38.99,2023-01-02 03:11:00
T1_1633,4072,136.27,2023-01-02 03:12:00
T1_1634,4124,395.04,2023-01-02 03:13:00
T1_1635,9125,397.06,2023-01-02 03:14:00
T1_1636,4291,62.76,2023-01-02 03:15:00
T1_1637,5033,112.51,2023-01-02 03:16:00
T1_1638,6105,35.67,2023-01-02 03:17:00
T1_1639,1703,814.99,2023-01-02 03:18:00
T1_1640,9133,595.43,2023-01-02 03:19:00
T1_1641,1574,157.26,2023-01-02 03:20:00
T1_1642,6704,244.76,2023-01-02 03:21:00
T1_1643,8848,188.34,2023-01-02 03:22:00
T1_1644,6208,134.9,2023-01-02 03:23:00
T1_1645,7924,8.22,2023-01-02 03:24:00
T1_1646,4828,90.98,2023-01-02 03:25:00
T1_1647,4230,168.49,2023-01-02 03:26:00
T1_1648,1488,169.76,2023-01-02 03:27:00
T1_1649,8114,70.05,2023-01-02 03:28:00
T1_1650,4173,426.3,2023-01-02 03:29:00
T1_1651,2667,27.47,2023-01-02 03:30:00
T1_1652,5114,104.08,2023-01-02 03:31:00
T1_1653,4553,176.11,2023-01-02 03:32:00
T1_1654,8761,179.17,2023-01-02 03:33:00
T1_1655,2000,156.89,2023-01-02 03:34:00
T1_1656,2388,48.3,2023-01-02 03:35:00
T1_1657,6450,25.48,2023-01-02 03:36:00
T1_1658,4712,151.57,2023-01-02 03:37:00
T1_1659,2367,137.18,2023-01-02 03:38:00
T1_1660,9189,29.65,2023-01-02 03:39:00
T1_1661,1454,183.19,2023-01-02 03:40:00
T1_1662,3772,91.09,2023-01-02 03:41:00
T1_1663,4726,165.28,2023-01-02 03:42:00
T1_1664,8232,272.44,2023-01-02 03:43:00
T1_1665,5806,27.9,2023-01-02 03:44:00
T1_1666,3190,2.9,2023-01-02 03:45:00
T1_1667,3875,226.51,2023-01-02 03:46:00
T1_1668,6592,141.12,2023-01-02 03:47:00
T1_1669,2440,180.42,2023-01-02 03:48:00
T1_1670,9927,273.17,2023-01-02 03:49:00
T1_1671,7059,243.54,2023-01-02 03:50:00
T1_1672,8010,486.32,2023-01-02 03:51:00
T1_1673,8117,115.16,2023-01-02 03:52:00
T1_1674,3989,100.56,2023-01-02 03:53:00
T1_1675,7228,77.1,2023-01-02 03:54:00
T1_1676,7471,25.03,2023-01-02 03:55:00
T1_1677,3863,127.51,2023-01-02 03:56:00
T1_1678,2177,48.65,2023-01-02 03:57:00
T1_1679,5760,381.33,2023-01-02 03:58:00
T1_1680,1011,131.27,2023-01-02 03:59:00
T1_1681,6252,134.78,2023-01-02 04:00:00
T1_1682,5399,65.76,2023-01-02 04:01:00
T1_1683,9234,8.01,2023-01-02 04:02:00
T1_1684,6445,4.84,2023-01-02 04:03:00
T1_1685,7570,82.57,2023-01-02 04:04:00
T1_1686,9212,13.25,2023-01-02 04:05:00
T1_1687,1406,140.03,2023-01-02 04:06:00
T1_1688,5431,319.26,2023-01-02 04:07:00
T1_1689,6243,321.73,2023-01-02 04:08:00
T1_1690,7542,161.4,2023-01-02 04:09:00
T1_1691,7936,35.59,2023-01-02 04:10:00
T1_1692,9906,298.16,2023-01-02 04:11:00
T1_1693,5146,325.86,2023-01-02 04:12:00
T1_1694,1140,32.85,2023-01-02 04:13:00
T1_1695,5882,200.58,2023-01-02 04:14:00
T1_1696,7012,50.64,2023-01-02 04:15:00
T1_1697,1963,243.41,2023-01-02 04:16:00
T1_1698,8151,883.76,2023-01-02 04:17:00
T1_1699,9564,4.57,2023-01-02 04:18:00
T1_1700,4610,341.49,2023-01-02 04:19:00
T1_1701,7894,146.18,2023-01-02 04:20:00
T1_1702,8311,543.93,2023-01-02 04:21:00
T1_1703,1105,93.83,2023-01-02 04:22:00
T1_1704,6539,281.98,2023-01-02 04:23:00
T1_1705,7787,9.66,2023-01-02 04:24:00
T1_1706,3137,61.26,2023-01-02 04:25:00
T1_1707,5445,10.41,2023-01-02 04:26:00
T1_1708,4530,555.4,2023-01-02 04:27:00
T1_1709,2286,254.72,2023-01-02 04:28:00
T1_1710,8052,287.14,2023-01-02 04:29:00
T1_1711,4654,417.01,2023-01-02 04:30:00
T1_1712,8102,13.34,2023-01-02 04:31:00
T1_1713,3359,73.07,2023-01-02 04:32:00
T1_1714,9105,11.05,2023-01-02 04:33:00
T1_1715,9636,35.51,2023-01-02 04:34:00
T1_1716,7441,39.08,2023-01-02 04:35:00
T1_1717,6047,94.98,2023-01-02 04:36:00
T1_1718,9227,46.91,2023-01-02 04:37:00
T1_1719,6203,15.97,2023-01-02 04:38:00
T1_1720,2798,27.5,2023-01-02 04:39:00
T1_1721,6291,23.9,2023-01-02 04:40:00
T1_1722,6495,542.22,2023-01-02 04:41:00
T1_1723,7284,213.63,2023-01-02 04:42:00
T1_1724,8285,515.19,2023-01-02 04:43:00
T1_1725,2300,86.9,2023-01-02 04:44:00
T1_1726,7869,48.94,2023-01-02 04:45:00
T1_1727,4097,240.14,2023-01-02 04:46:00
T1_1728,5616,59.24,2023-01-02 04:47:00
T1_1729,1009,53.37,2023-01-02 04:48:00
T1_1730,6752,39.69,2023-01-02 04:49:00
T1_1731,7295,20.83,2023-01-02 04:50:00
T1_1732,5815,44.45,2023-01-02 04:51:00
T1_1733,2072,65.85,2023-01-02 04:52:00
T1_1734,4225,168.13,2023-01-02 04:53:00
T1_1735,2316,9.69,2023-01-02 04:54:00
T1_1736,6699,35.45,2023-01-02 04:55:00
T1_1737,7807,248.34,2023-01-02 04:56:00
T1_1738,7674,23.84,2023-01-02 04:57:00
T1_1739,4683,62.93,2023-01-02 04:58:00
T1_1740,8227,299.99,2023-01-02 04:59:00
T1_1741,4273,25.25,2023-01-02 05:00:00
T1_1742,8000,12.95,2023-01-02 05:01:00
T1_1743,1145,99.4,2023-01-02 05:02:00
T1_1744,6010,54.02,2023-01-02 05:03:00
T1_1745,4040,124.31,2023-01-02 05:04:00
T1_1746,1482,244.3,2023-01-02 05:05:00
T1_1747,4179,22.13,2023-01-02 05:06:00
T1_1748,2249,130.37,2023-01-02 05:07:00
T1_1749,1630,105.63,2023-01-02 05:08:00
T1_1750,9853,23.34,2023-01-02 05:09:00
T1_1751,3852,146.72,2023-01-02 05:10:00
T1_1752,1987,47.96,2023-01-02 05:11:00
T1_1753,8622,100.37,2023-01-02 05:12:00
T1_1754,8327,12.88,2023-01-02 05:13:00
T1_1755,9841,92.31,2023-01-02 05:14:00
T1_1756,2100,54.89,2023-01-02 05:15:00
T1_1757,7652,259.22,2023-01-02 05:16:00
T1_1758,9632,8.8,2023-01-02 05:17:00
T1_1759,8421,81.35,2023-01-02 05:18:00
T1_1760,6016,91.99,2023-01-02 05:19:00
T1_1761,1769,193.65,2023-01-02 05:20:00
T1_1762,2343,128.1,2023-01-02 05:21:00
T1_1763,5358,165.04,2023-01-02 05:22:00
T1_1764,7780,225.12,2023-01-02 05:23:00
T1_1765,7602,297.3,2023-01-02 05:24:00
T1_1766,3349,56.5,2023-01-02 05:25:00
T1_1767,6699,115.84,2023-01-02 05:26:00
T1_1768,2241,274.99,2023-01-02 05:27:00
T1_1769,2125,682.76,2023-01-02 05:28:00
T1_1770,7764,330.44,2023-01-02 05:29:00
T1_1771,6101,69.66,2023-01-02 05:30:00
T1_1772,8843,32.57,2023-01-02 05:31:00
T1_1773,1072,100.82,2023-01-02 05:32:00
T1_1774,6472,203.01,2023-01-02 05:33:00
T1_1775,6189,101.76,2023-01-02 05:34:00
T1_1776,3472,99.01,2023-01-02 05:35:00
T1_1777,1707,273.24,2023-01-02 05:36:00
T1_1778,2804,67.27,2023-01-02 05:37:00
T1_1779,7704,294.7,2023-01-02 05:38:00
T1_1780,4713,78.33,2023-01-02 05:39:00
T1_1781,6051,59.68,2023-01-02 05:40:00
T1_1782,3475,90.77,2023-01-02 05:41:00
T1_1783,4610,215.6,2023-01-02 05:42:00
T1_1784,5255,20.2,2023-01-02 05:43:00
T1_1785,8397,32.8,2023-01-02 05:44:00
T1_1786,2735,453.76,2023-01-02 05:45:00
T1_1787,9258,28.95,2023-01-02 05:46:00
T1_1788,8979,125.8,2023-01-02 05:47:00
T1_1789,3428,129.88,2023-01-02 05:48:00
T1_1790,8426,100.89,2023-01-02 05:49:00
T1_1791,9533,155.24,2023-01-02 05:50:00
T1_1792,6249,39.17,2023-01-02 05:51:00
T1_1793,6291,120.67,2023-01-02 05:52:00
T1_1794,3817,69.82,2023-01-02 05:53:00
T1_1795,4874,162.56,2023-01-02 05:54:00
T1_1796,5211,22.84,2023-01-02 05:55:00
T1_1797,1661,126.9,2023-01-02 05:56:00
T1_1798,4374,30.73,2023-01-02 05:57:00
T1_1799,1207,48.99,2023-01-02 05:58:00
T1_1800,3665,37.02,2023-01-02 05:59:00
T1_1801,3493,30.29,2023-01-02 06:00:00
T1_1802,7813,262.06,2023-01-02 06:01:00
T1_1803,1632,50.47,2023-01-02 06:02:00
T1_1804,4083,392.85,2023-01-02 06:03:00
T1_1805,4719,525.62,2023-01-02 06:04:00
T1_1806,8123,127.04,2023-01-02 06:05:00
T1_1807,2679,23.15,2023-01-02 06:06:00
T1_1808,1236,70.39,2023-01-02 06:07:00
T1_1809,8446,239.72,2023-01-02 06:08:00
T1_1810,5443,68.69,2023-01-02 06:09:00
T1_1811,7770,13.66,2023-01-02 06:10:00
T1_1812,7099,122.06,2023-01-02 06:11:00
T1_1813,9555,279.77,2023-01-02 06:12:00
T1_1814,3368,238.39,2023-01-02 06:13:00
T1_1815,1285,28.88,2023-01-02 06:14:00
T1_1816,1148,167.56,2023-01-02 06:15:00
T1_1817,5037,37.37,2023-01-02 06:16:00
T1_1818,7549,36.92,2023-01-02 06:17:00
T1_1819,8121,310.81,2023-01-02 06:18:00
T1_1820,5895,43.09,2023-01-02 06:19:00
T1_1821,6280,45.83,2023-01-02 06:20:00
T1_1822,2012,0.1,2023-01-02 06:21:00
T1_1823,3785,306.81,2023-01-02 06:22:00
T1_1824,4725,235.96,2023-01-02 06:23:00
T1_1825,5576,148.06,2023-01-02 06:24:00
T1_1826,6782,208.1,2023-01-02 06:25:00
T1_1827,7257,24.74,2023-01-02 06:26:00
T1_1828,3408,91.96,2023-01-02 06:27:00
T1_1829,1340,64.9,2023-01-02 06:28:00
T1_1830,3817,14.77,2023-01-02 06:29:00
T1_1831,3496,99.87,2023-01-02 06:30:00
T1_1832,6962,380.25,2023-01-02 06:31:00
T1_1833,6299,6.13,2023-01-02 06:32:00
T1_1834,8574,51.68,2023-01-02 06:33:00
T1_1835,2689,34.89,2023-01-02 06:34:00
T1_1836,4267,40.8,2023-01-02 06:35:00
T1_1837,5406,358.61,2023-01-02 06:36:00
T1_1838,9453,94.69,2023-01-02 06:37:00
T1_1839,2442,94.19,2023-01-02 06:38:00
T1_1840,9597,214.43,2023-01-02 06:39:00
T1_1841,5437,25.17,2023-01-02 06:40:00
T1_1842,6435,100.2,2023-01-02 06:41:00
T1_1843,9435,84.31,2023-01-02 06:42:00
T1_1844,5107,136.29,2023-01-02 06:43:00
T1_1845,1560,1158.53,2023-01-02 06:44:00
T1_1846,9785,220.09,2023-01-02 06:45:00
T1_1847,6548,76.09,2023-01-02 06:46:00
T1_1848,2826,263.65,2023-01-02 06:47:00
T1_1849,8629,28.08,2023-01-02 06:48:00
T1_1850,9325,4.64,2023-01-02 06:49:00
T1_1851,4138,34.31,2023-01-02 06:50:00
T1_1852,8693,62.42,2023-01-02 06:51:00
T1_1853,9264,107.18,2023-01-02 06:52:00
T1_1854,8842,143.23,2023-01-02 06:53:00
T1_1855,7721,362.2,2023-01-02 06:54:00
T1_1856,8002,106.96,2023-01-02 06:55:00
T1_1857,5225,104.36,2023-01-02 06:56:00
T1_1858,3978,7.73,2023-01-02 06:57:00
T1_1859,8373,5.33,2023-01-02 06:58:00
T1_1860,6907,120.16,2023-01-02 06:59:00
T1_1861,7097,86.49,2023-01-02 07:00:00
T1_1862,6656,274.12,2023-01-02 07:01:00
T1_1863,9984,26.27,2023-01-02 07:02:00
T1_1864,5259,3.79,2023-01-02 07:03:00
T1_1865,9286,89.41,2023-01-02 07:04:00
T1_1866,6901,40.67,2023-01-02 07:05:00
T1_1867,5917,7.63,2023-01-02 07:06:00
T1_1868,9429,193.43,2023-01-02 07:07:00
T1_1869,3530,17.75,2023-01-02 07:08:00
T1_1870,2960,140.6,2023-01-02 07:09:00
T1_1871,8045,49.49,2023-01-02 07:10:00
T1_1872,2048,28.58,2023-01-02 07:11:00
T1_1873,6772,71.65,2023-01-02 07:12:00
T1_1874,3529,242.5,2023-01-02 07:13:00
T1_1875,3964,74.66,2023-01-02 07:14:00
T1_1876,8137,208.41,2023-01-02 07:15:00
T1_1877,1963,20.11,2023-01-02 07:16:00
T1_1878,1536,222.27,2023-01-02 07:17:00
T1_1879,8340,40.56,2023-01-02 07:18:00
T1_1880,8179,169.7,2023-01-02 07:19:00
T1_1881,8967,125.13,2023-01-02 07:20:00
T1_1882,9734,397.07,2023-01-02 07:21:00
T1_1883,1845,73.49,2023-01-02 07:22:00
T1_1884,6777,10.27,2023-01-02 07:23:00
T1_1885,4036,2.9,2023-01-02 07:24:00
T1_1886,6947,263.05,2023-01-02 07:25:00
T1_1887,3494,111.58,2023-01-02 07:26:00
T1_1888,3719,223.91,2023-01-02 07:27:00
T1_1889,2884,40.07,2023-01-02 07:28:00
T1_1890,5349,63.49,2023-01-02 07:29:00
T1_1891,6179,4.58,2023-01-02 07:30:00
T1_1892,7610,488.53,2023-01-02 07:31:00
T1_1893,7430,165.33,2023-01-02 07:32:00
T1_1894,8154,405.92,2023-01-02 07:33:00
T1_1895,7488,46.28,2023-01-02 07:34:00
T1_1896,5737,141.81,2023-01-02 07:35:00
T1_1897,7525,170.21,2023-01-02 07:36:00
T1_1898,4850,57.31,2023-01-02 07:37:00
T1_1899,1689,282.69,2023-01-02 07:38:00
T1_1900,6175,441.08,2023-01-02 07:39:00
T1_1901,9648,324.23,2023-01-02 07:40:00
T1_1902,6078,201.52,2023-01-02 07:41:00
T1_1903,6448,48.75,2023-01-02 07:42:00
T1_1904,2179,49.61,2023-01-02 07:43:00
T1_1905,7406,495.99,2023-01-02 07:44:00
T1_1906,9591,1.55,2023-01-02 07:45:00
T1_1907,7907,188.84,2023-01-02 07:46:00
T1_1908,9800,183.75,2023-01-02 07:47:00
T1_1909,2638,146.2,2023-01-02 07:48:00
T1_1910,6671,692.42,2023-01-02 07:49:00
T1_1911,7928,56.07,2023-01-02 07:50:00
T1_1912,2382,62.32,2023-01-02 07:51:00
T1_1913,2403,12.33,2023-01-02 07:52:00
T1_1914,4292,87.72,2023-01-02 07:53:00
T1_1915,1419,45.38,2023-01-02 07:54:00
T1_1916,5517,63.1,2023-01-02 07:55:00
T1_1917,4302,269.88,2023-01-02 07:56:00
T1_1918,8857,411.13,2023-01-02 07:57:00
T1_1919,8870,30.82,2023-01-02 07:58:00
T1_1920,6693,69.9,2023-01-02 07:59:00
T1_1921,1767,395.98,2023-01-02 08:00:00
T1_1922,3044,9.57,2023-01-02 08:01:00
T1_1923,2549,14.54,2023-01-02 08:02:00
T1_1924,7140,26.65,2023-01-02 08:03:00
T1_1925,4716,135.66,2023-01-02 08:04:00
T1_1926,5481,24.46,2023-01-02 08:05:00
T1_1927,8898,516.66,2023-01-02 08:06:00
T1_1928,7548,88.78,2023-01-02 08:07:00
T1_1929,3293,104.43,2023-01-02 08:08:00
T1_1930,5837,42.49,2023-01-02 08:09:00
T1_1931,8758,95.5,2023-01-02 08:10:00
T1_1932,7793,162.67,2023-01-02 08:11:00
T1_1933,8638,208.65,2023-01-02 08:12:00
T1_1934,8993,210.28,2023-01-02 08:13:00
T1_1935,7007,129.37,2023-01-02 08:14:00
T1_1936,6542,352.07,2023-01-02 08:15:00
T1_1937,7356,255.08,2023-01-02 08:16:00
T1_1938,9433,212.23,2023-01-02 08:17:00
T1_1939,8380,8.58,2023-01-02 08:18:00
T1_1940,3385,1.04,2023-01-02 08:19:00
T1_1941,5268,35.82,2023-01-02 08:20:00
T1_1942,1671,163.38,2023-01-02 08:21:00
T1_1943,1163,79.45,2023-01-02 08:22:00
T1_1944,9656,77.23,2023-01-02 08:23:00
T1_1945,5592,323.89,2023-01-02 08:24:00
T1_1946,5795,338.88,2023-01-02 08:25:00
T1_1947,5798,359.82,2023-01-02 08:26:00
T1_1948,7036,56.5,2023-01-02 08:27:00
T1_1949,3355,176.19,2023-01-02 08:28:00
T1_1950,6887,47.54,2023-01-02 08:29:00
T1_1951,8961,31.72,2023-01-02 08:30:00
T1_1952,6827,30.62,2023-01-02 08:31:00
T1_1953,9737,62.81,2023-01-02 08:32:00
T1_1954,5719,84.31,2023-01-02 08:33:00
T1_1955,1593,266.63,2023-01-02 08:34:00
T1_1956,5839,19.16,2023-01-02 08:35:00
T1_1957,8394,199.16,2023-01-02 08:36:00
T1_1958,4493,113.72,2023-01-02 08:37:00
T1_1959,7164,50.94,2023-01-02 08:38:00
T1_1960,3672,101.83,2023-01-02 08:39:00
T1_1961,5200,53.49,2023-01-02 08:40:00
T1_1962,1016,135.98,2023-01-02 08:41:00
T1_1963,4191,85.33,2023-01-02 08:42:00
T1_1964,1392,26.94,2023-01-02 08:43:00
T1_1965,9616,18.59,2023-01-02 08:44:00
T1_1966,7272,118.68,2023-01-02 08:45:00
T1_1967,1571,349.05,2023-01-02 08:46:00
T1_1968,4631,63.23,2023-01-02 08:47:00
T1_1969,7172,198.08,2023-01-02 08:48:00
T1_1970,8177,161.23,2023-01-02 08:49:00
T1_1971,9433,402.26,2023-01-02 08:50:00
T1_1972,4897,258.04,2023-01-02 08:51:00
T1_1973,9123,125.42,2023-01-02 08:52:00
T1_1974,3279,160.52,2023-01-02 08:53:00
T1_1975,9980,342.99,2023-01-02 08:54:00
T1_1976,8451,76.5,2023-01-02 08:55:00
T1_1977,9906,59.36,2023-01-02 08:56:00
T1_1978,1775,1.63,2023-01-02 08:57:00
T1_1979,7869,262.78,2023-01-02 08:58:00
T1_1980,3247,242.15,2023-01-02 08:59:00
T1_1981,8088,16.55,2023-01-02 09:00:00
T1_1982,1078,129.01,2023-01-02 09:01:00
T1_1983,9080,93.54,2023-01-02 09:02:00
T1_1984,8099,18.96,2023-01-02 09:03:00
T1_1985,4926,591.13,2023-01-02 09:04:00
T1_1986,8340,36.25,2023-01-02 09:05:00
T1_1987,8083,10.44,2023-01-02 09:06:00
T1_1988,7230,135.52,2023-01-02 09:07:00
T1_1989,5940,201.41,2023-01-02 09:08:00
T1_1990,4271,4.95,2023-01-02 09:09:00
T1_1991,4456,161.26,2023-01-02 09:10:00
T1_1992,8788,113.99,2023-01-02 09:11:00
T1_1993,9599,16.35,2023-01-02 09:12:00
T1_1994,8650,28.41,2023-01-02 09:13:00
T1_1995,3711,125.89,2023-01-02 09:14:00
T1_1996,2668,52.72,2023-01-02 09:15:00
T1_1997,1147,417.86,2023-01-02 09:16:00
T1_1998,7420,256.17,2023-01-02 09:17:00
T1_1999,1365,616.27,2023-01-02 09:18:00
T1_2000,5531,45.1,2023-01-02 09:19:00
