UserID,TransactionAmount,TransactionTime,DeviceType,Location,IsFraud
1051,10.85,27048,Tablet,USA,0
1092,84.61,76274,Tablet,IN,0
1014,1.85,25963,Mobile,DE,0
1071,65.85,43954,Desktop,IN,0
1060,23.62,72309,Tablet,CN,0
1020,42.47,717,Desktop,UK,0
1082,149.52,11676,Mobile,CN,0
1086,283.43,4434,Mobile,DE,0
1074,7.52,49810,Mobile,CN,0
1074,76.41,4994,Mobile,BR,0
1087,214.16,4234,Desktop,IN,0
1099,8.61,69300,Mobile,DE,0
1023,174.02,43949,Mobile,DE,0
1002,44.29,37405,Tablet,DE,0
1021,57.63,2558,Mobile,USA,1
1052,379.27,42215,Tablet,IN,0
1001,22.42,23185,Mobile,CN,0
1087,2865.22,5907,Mobile,DE,1
1029,172.28,51759,Tablet,IN,0
1037,4.21,41153,Mobile,DE,0
1001,110.98,77535,Desktop,BR,0
1063,302.72,2581,Desktop,BR,0
1059,13.26,51717,Mobile,BR,0
1020,226.55,2763,Desktop,UK,0
1032,90.33,55480,Tablet,DE,0
1075,95.87,38759,Mobile,UK,0
1057,94.92,76067,Mobile,IN,0
1021,35.5,25307,Tablet,UK,0
1088,273.65,11064,Tablet,IN,0
1048,294.41,76848,Tablet,IN,0
1090,98.16,37548,Mobile,IN,0
1058,152.98,36945,Tablet,CN,0
1041,94.74,47937,Tablet,UK,0
1091,66.24,6476,Desktop,CN,0
1059,108.12,51756,Desktop,DE,0
1079,80.52,2382,Mobile,UK,0
1014,91.0,49683,Desktop,DE,0
1061,153.17,45276,Desktop,DE,0
1061,65.57,33402,Tablet,IN,0
1046,4.16,26946,Tablet,UK,0
1061,17.91,79698,Desktop,DE,0
1050,57.73,73933,Desktop,BR,0
1054,129.04,22335,Desktop,DE,0
1063,89.96,45095,Mobile,BR,0
1002,105.07,79930,Mobile,UK,0
1050,65.25,27197,Mobile,CN,0
1006,95.64,22010,Desktop,UK,0
1020,39.9,24123,Desktop,CN,0
1072,63.52,2890,Mobile,CN,0
1038,136.37,8026,Mobile,UK,0
1017,205.44,64925,Desktop,DE,0
1003,56.86,68842,Tablet,USA,0
1088,4.46,33665,Mobile,DE,0
1059,17.63,9277,Desktop,DE,0
1013,2.11,42239,Desktop,IN,0
1008,105.92,47664,Tablet,IN,0
1089,40.39,48008,Desktop,DE,0
1052,78.19,14683,Desktop,BR,0
1001,67.98,670,Mobile,CN,0
1083,8.5,17889,Mobile,IN,0
1091,51.63,55612,Tablet,DE,0
1059,24.92,44535,Tablet,USA,0
1070,54.2,78542,Desktop,BR,0
1043,22.76,54319,Mobile,UK,0
1007,183.54,21639,Tablet,DE,0
1046,19.14,64712,Tablet,DE,0
1034,323.86,16633,Tablet,CN,0
1077,53.77,34660,Desktop,BR,0
1080,187.24,68975,Mobile,IN,0
1035,99.09,32172,Tablet,IN,0
1049,132.93,59197,Mobile,IN,0
1003,145.98,58847,Tablet,UK,0
1001,70.29,11577,Tablet,BR,0
1005,78.37,77299,Mobile,BR,0
1053,72.15,20176,Mobile,IN,0
1003,88.69,44386,Mobile,IN,0
1053,2.98,63972,Desktop,CN,0
1092,50.34,41003,Tablet,USA,0
1062,93.19,19996,Desktop,USA,0
1017,91.06,35931,Mobile,DE,0
1089,157.48,35710,Tablet,DE,0
1043,106.42,34693,Desktop,BR,0
1033,484.51,35740,Tablet,BR,0
1073,33.39,77241,Desktop,UK,0
1061,44.5,76502,Mobile,UK,0
1099,48.43,17374,Desktop,USA,0
1013,62.7,76674,Tablet,DE,0
1094,180.79,81471,Tablet,USA,0
1047,26.89,45913,Tablet,USA,0
1014,149.61,66025,Tablet,DE,0
1071,51.97,44516,Mobile,UK,0
1077,92.09,26069,Desktop,CN,0
1086,100.11,56233,Mobile,CN,0
1061,46.66,84811,Mobile,CN,0
1039,71.87,59049,Mobile,DE,0
1084,53.28,39178,Tablet,IN,0
1079,7.16,32821,Tablet,IN,0
1081,57.48,51727,Tablet,IN,0
1052,10.25,60935,Desktop,BR,0
1023,51.92,16999,Tablet,UK,0
1025,89.87,62522,Desktop,UK,0
1088,86.61,38712,Tablet,BR,0
1059,108.65,64551,Tablet,USA,0
1040,10.01,40172,Mobile,CN,0
1028,105.59,33722,Mobile,IN,0
1014,37.42,10625,Mobile,CN,0
1044,50.92,67165,Desktop,IN,0
1064,195.18,76509,Desktop,CN,0
1088,0.91,6859,Tablet,USA,0
1070,88.77,41609,Desktop,CN,0
1008,91.31,43307,Tablet,CN,0
1087,50.53,21839,Desktop,DE,0
1000,27.05,27216,Desktop,CN,0
1007,26.75,52953,Desktop,DE,0
1087,215.17,84481,Mobile,UK,0
1062,58.34,60593,Desktop,BR,0
1010,40.18,72075,Mobile,CN,0
1080,59.56,49522,Mobile,UK,0
1007,110.68,4886,Desktop,DE,0
1034,15.75,7485,Tablet,CN,0
1034,59.68,31455,Tablet,CN,0
1032,88.65,16767,Tablet,USA,0
1004,296.78,28453,Desktop,UK,0
1040,29.11,76280,Tablet,IN,0
1027,44.51,53442,Mobile,IN,0
1006,47.7,51877,Tablet,USA,0
1072,93.02,12226,Desktop,DE,0
1071,44.12,22588,Tablet,IN,0
1011,76.25,78976,Mobile,IN,0
1033,152.23,31709,Desktop,BR,0
1032,122.21,47788,Tablet,UK,0
1047,59.13,37019,Desktop,DE,0
1022,199.67,44948,Desktop,CN,0
1061,81.68,65133,Desktop,UK,0
1087,77.63,66458,Tablet,DE,0
1036,3.48,27526,Desktop,IN,0
1098,431.95,73493,Tablet,BR,0
1043,13.12,52198,Mobile,UK,0
1085,26.28,43395,Tablet,IN,0
1090,5.31,24031,Mobile,DE,0
1034,102.17,75542,Tablet,UK,0
1064,25.45,37701,Desktop,CN,0
1098,19.85,25939,Tablet,UK,0
1046,9.27,49145,Desktop,IN,0
1077,10.9,20324,Mobile,UK,0
1002,87.87,22867,Tablet,CN,0
1000,116.54,203,Desktop,BR,0
1004,50.65,16544,Mobile,BR,0
1089,65.37,15899,Mobile,IN,0
1013,115.83,29063,Tablet,DE,0
1026,1.75,3748,Mobile,IN,0
1008,11.5,5079,Desktop,BR,1
1078,361.55,80764,Mobile,USA,0
1014,86.78,20884,Mobile,USA,0
1089,29.33,25183,Desktop,UK,0
1041,73.76,81570,Mobile,CN,0
1076,41.95,71246,Mobile,UK,0
1050,75.98,19259,Mobile,USA,0
1062,13.44,35959,Mobile,BR,0
1095,14.24,33457,Desktop,UK,0
1051,15.5,85679,Mobile,IN,0
1095,281.04,2103,Desktop,CN,0
1003,132.01,65901,Mobile,IN,0
1093,17.72,44535,Mobile,CN,0
1022,20.87,16103,Mobile,BR,0
1014,131.24,78278,Mobile,UK,0
1042,16.98,12391,Desktop,CN,0
1028,26.73,28901,Desktop,IN,0
1035,330.63,81159,Desktop,UK,0
1012,29.48,67914,Tablet,UK,0
1031,108.36,50357,Mobile,IN,0
1070,384.58,38437,Mobile,USA,0
1058,46.89,35503,Desktop,CN,0
1085,1.77,75403,Tablet,IN,0
1027,27.99,41258,Mobile,BR,0
1065,177.71,33724,Desktop,DE,0
1041,199.96,64286,Mobile,IN,0
1044,146.33,74842,Mobile,UK,0
1061,12.0,14908,Desktop,UK,0
1056,158.72,50626,Desktop,IN,0
1005,250.93,37228,Mobile,DE,0
1027,91.78,23386,Mobile,IN,0
1027,282.81,46754,Desktop,DE,0
1043,175.35,28302,Mobile,DE,0
1083,109.95,60815,Mobile,BR,0
1029,86.08,84748,Desktop,CN,0
1061,42.86,63344,Mobile,UK,0
1074,17.35,35618,Mobile,UK,0
1091,92.88,76234,Tablet,DE,0
1088,38.29,61114,Desktop,UK,0
1061,201.32,70130,Tablet,USA,0
1096,501.12,25525,Tablet,DE,0
1000,139.61,79818,Tablet,UK,0
1026,9.48,14334,Mobile,USA,0
1061,34.06,62767,Mobile,BR,0
1076,11.55,6644,Tablet,UK,0
1002,105.13,32933,Tablet,USA,0
1069,144.9,43469,Tablet,IN,0
1071,259.93,33687,Mobile,CN,0
1026,57.66,52656,Tablet,IN,0
1008,231.64,17375,Tablet,USA,0
1061,210.28,65206,Desktop,DE,0
1036,38.15,36607,Desktop,DE,0
1096,203.18,83178,Mobile,UK,0
1050,47.11,23993,Desktop,IN,0
1043,35.22,44386,Desktop,DE,0
1023,104.72,46287,Desktop,DE,0
1078,39.81,76312,Mobile,IN,0
1058,99.48,75324,Desktop,BR,0
1031,94.12,71196,Mobile,DE,0
1095,82.88,70014,Tablet,CN,0
1087,47.87,8210,Desktop,USA,0
1051,79.52,10922,Mobile,UK,0
1061,90.75,36289,Desktop,DE,0
1057,78.9,33340,Tablet,CN,0
1051,58.77,39850,Mobile,CN,0
1011,1.48,56984,Mobile,DE,0
1038,88.45,84178,Mobile,BR,0
1001,18.45,11094,Tablet,USA,0
1002,102.88,33418,Tablet,UK,0
1055,142.44,5741,Tablet,DE,0
1080,69.4,72374,Mobile,UK,0
1058,78.17,68798,Tablet,IN,0
1001,302.57,70532,Desktop,CN,0
1001,187.84,22164,Tablet,CN,0
1091,245.62,35595,Mobile,DE,0
1053,168.08,30257,Desktop,DE,0
1086,11.53,14211,Tablet,IN,0
1095,16.13,5232,Desktop,BR,0
1096,74.79,67753,Desktop,DE,0
1000,28.25,52691,Mobile,CN,0
1018,735.67,9454,Desktop,UK,1
1001,50.15,25613,Desktop,USA,0
1052,79.72,14026,Mobile,UK,0
1043,137.39,53535,Mobile,BR,0
1089,125.7,30908,Mobile,USA,0
1031,73.65,52113,Desktop,UK,0
1069,172.82,19610,Desktop,UK,0
1031,56.36,46646,Desktop,IN,0
1067,227.03,63185,Mobile,BR,0
1054,7.39,72567,Tablet,CN,0
1074,309.36,47574,Desktop,IN,0
1055,106.33,36182,Tablet,USA,0
1016,47.82,570,Mobile,CN,0
1037,21.96,19288,Desktop,IN,0
1023,65.24,78824,Tablet,BR,0
1068,21.64,29877,Desktop,DE,0
1097,18.19,84425,Desktop,DE,0
1069,96.06,917,Desktop,USA,0
1085,74.04,75602,Tablet,DE,0
1010,110.9,64575,Mobile,IN,0
1015,265.36,72518,Desktop,USA,0
1096,75.98,39104,Mobile,CN,0
1072,86.97,18062,Mobile,BR,0
1058,9.39,16999,Tablet,USA,0
1069,126.46,61845,Tablet,CN,0
1079,51.07,9941,Mobile,USA,0
1092,376.04,61169,Desktop,UK,0
1002,173.26,23470,Tablet,UK,0
1019,73.92,59821,Desktop,USA,0
1058,13.15,44435,Desktop,DE,0
1035,196.19,4529,Desktop,UK,0
1018,160.83,83055,Mobile,BR,0
1089,20.41,12192,Desktop,CN,0
1066,35.0,74102,Mobile,IN,0
1018,157.7,72762,Mobile,UK,0
1019,20.48,34087,Desktop,USA,0
1095,249.8,66677,Desktop,DE,0
1070,55.26,4627,Desktop,IN,0
1051,9.11,56541,Desktop,CN,0
1032,169.15,68226,Mobile,CN,0
1039,46.76,3255,Desktop,UK,0
1038,74.76,57433,Desktop,CN,0
1081,11.91,5213,Mobile,CN,0
1000,0.26,19404,Tablet,DE,0
1010,101.61,25380,Tablet,DE,0
1091,72.4,19173,Mobile,DE,0
1056,90.03,53027,Tablet,USA,0
1088,157.86,23989,Mobile,CN,0
1049,104.02,24519,Desktop,CN,0
1022,19.21,22439,Desktop,CN,0
1030,44.75,76949,Tablet,BR,0
1093,236.33,14995,Desktop,DE,0
1041,146.94,23559,Tablet,IN,0
1098,81.34,5021,Tablet,UK,0
1006,29.52,21119,Desktop,IN,0
1015,35.96,51539,Desktop,USA,0
1089,131.66,39350,Tablet,USA,0
1059,190.5,46223,Desktop,CN,0
1001,111.3,25517,Mobile,IN,0
1000,165.83,78653,Desktop,CN,0
1047,145.52,22250,Desktop,BR,0
1011,16.22,84486,Mobile,USA,0
1068,55.16,82895,Desktop,USA,0
1036,16.6,66798,Desktop,IN,0
1031,26.82,54199,Tablet,USA,0
1008,203.45,59546,Desktop,BR,0
1098,64.03,3327,Desktop,BR,0
1018,76.65,29768,Mobile,BR,0
1047,19.66,64418,Tablet,UK,0
1079,37.44,42788,Tablet,BR,0
1002,661.59,6724,Tablet,BR,1
1019,23.09,46830,Desktop,UK,0
1023,101.6,52446,Tablet,CN,0
1053,29.69,15160,Mobile,DE,0
1032,99.97,56583,Tablet,USA,0
1023,6.02,33998,Mobile,BR,0
1074,15.29,27230,Tablet,USA,0
1071,32.09,9076,Tablet,IN,0
1035,90.89,69341,Mobile,USA,0
1037,112.65,31085,Tablet,CN,0
1083,58.47,55571,Tablet,UK,0
1098,59.02,14715,Tablet,USA,0
1088,128.92,5750,Desktop,USA,0
1098,1.59,78768,Mobile,USA,0
1024,41.72,35903,Tablet,DE,0
1092,170.76,72489,Mobile,DE,0
1017,92.44,32093,Mobile,IN,0
1081,41.13,34314,Mobile,UK,0
1065,235.94,48225,Tablet,USA,0
1053,148.11,83014,Tablet,USA,0
1034,30.77,35179,Mobile,USA,0
1079,115.76,5420,Desktop,USA,1
1060,90.57,69681,Mobile,DE,0
1040,51.28,32101,Desktop,CN,0
1099,45.72,2775,Mobile,CN,0
1032,42.09,45619,Mobile,IN,0
1067,96.01,45838,Mobile,BR,0
1032,58.41,19539,Tablet,UK,0
1013,178.3,57124,Desktop,CN,0
1020,110.75,65149,Desktop,USA,0
1047,7.25,26616,Mobile,CN,0
1019,102.21,79655,Tablet,IN,0
1007,31.63,54567,Tablet,BR,0
1006,89.85,37099,Desktop,CN,0
1066,113.98,75831,Tablet,IN,0
1016,26.24,61799,Desktop,DE,0
1032,61.04,25479,Desktop,BR,0
1047,21.11,46172,Desktop,IN,0
1075,5.38,55863,Tablet,CN,0
1058,47.56,42043,Desktop,DE,0
1085,45.09,82569,Desktop,IN,0
1021,539.94,15408,Mobile,IN,0
1029,59.12,57980,Desktop,CN,0
1037,40.58,82956,Desktop,BR,0
1050,86.86,16351,Mobile,DE,0
1053,9.3,4131,Mobile,USA,0
1007,326.14,44825,Tablet,UK,0
1026,100.77,11349,Desktop,BR,0
1026,140.58,60931,Tablet,DE,0
1097,18.69,44254,Tablet,IN,0
1020,52.67,38225,Mobile,DE,0
1029,54.94,12453,Tablet,UK,0
1096,172.49,18814,Desktop,CN,0
1027,0.12,18263,Mobile,UK,0
1063,35.79,77694,Desktop,USA,0
1096,397.58,15735,Desktop,USA,0
1068,64.41,15830,Mobile,UK,0
1060,48.21,47893,Desktop,BR,0
1047,12.76,44673,Mobile,BR,0
1018,365.6,45066,Desktop,IN,0
1003,2.02,3373,Mobile,USA,0
1034,133.63,10335,Tablet,IN,0
1063,130.88,3291,Desktop,USA,1
1048,27.93,10692,Mobile,UK,0
1016,111.34,47295,Desktop,BR,0
1043,9.75,45541,Desktop,BR,0
1091,29.71,34057,Desktop,UK,0
1029,155.07,66983,Mobile,IN,0
1092,200.02,19583,Tablet,IN,0
1045,93.77,22765,Tablet,DE,0
1005,70.69,59287,Tablet,USA,0
1098,17.35,23906,Mobile,IN,0
1036,6.52,85103,Tablet,UK,0
1023,12.52,79675,Mobile,IN,0
1092,25.79,46525,Desktop,BR,0
1045,41.81,38230,Desktop,USA,0
1052,47.95,19520,Tablet,CN,0
1094,42.51,85238,Mobile,DE,0
1098,27.32,51934,Desktop,USA,0
1059,71.28,25566,Mobile,BR,0
1096,174.46,73193,Mobile,BR,0
1062,32.81,30134,Desktop,BR,0
1084,285.4,10345,Mobile,BR,0
1031,206.62,41185,Desktop,UK,0
1086,17.65,70744,Desktop,DE,0
1032,154.31,33455,Desktop,CN,0
1066,85.47,28018,Mobile,BR,0
1017,83.6,54219,Desktop,BR,0
1024,49.6,45991,Mobile,IN,0
1094,69.55,73616,Desktop,DE,0
1053,50.61,9486,Desktop,USA,0
1057,77.59,38862,Tablet,DE,0
1066,98.87,58870,Tablet,DE,0
1045,112.18,43856,Tablet,CN,0
1023,76.03,86055,Mobile,DE,0
1031,127.81,31379,Mobile,CN,0
1046,15.23,64729,Desktop,BR,0
1085,23.82,28378,Desktop,BR,0
1022,170.78,54353,Desktop,UK,0
1065,38.94,49996,Desktop,CN,0
1026,2.32,14031,Mobile,CN,0
1001,16.7,80072,Desktop,USA,0
1089,25.31,65982,Desktop,IN,0
1016,315.41,36683,Tablet,DE,0
1032,85.11,17618,Desktop,USA,0
1008,269.91,6587,Desktop,CN,0
1042,85.61,62790,Desktop,USA,0
1047,65.27,31480,Mobile,UK,0
1038,37.65,20527,Tablet,IN,0
1092,93.23,23569,Desktop,CN,0
1041,14.99,11151,Desktop,CN,0
1025,228.54,71094,Tablet,DE,0
1098,176.8,59174,Desktop,IN,0
1049,38.2,44739,Mobile,UK,0
1024,305.33,32954,Desktop,BR,0
1023,174.41,35303,Mobile,USA,0
1012,109.75,34700,Mobile,DE,0
1059,12.98,67568,Desktop,CN,0
1006,65.05,66788,Tablet,BR,0
1056,70.54,71045,Mobile,UK,0
1035,26.47,37842,Tablet,IN,0
1044,8.33,13900,Desktop,USA,0
1019,149.93,80059,Mobile,DE,0
1064,13.01,1881,Desktop,CN,0
1007,1258.78,9210,Tablet,CN,1
1015,275.59,1630,Desktop,BR,0
1013,208.83,20789,Desktop,BR,0
1075,32.54,83494,Mobile,USA,0
1086,190.68,46151,Desktop,IN,0
1014,0.03,48920,Desktop,UK,0
1091,1.78,67231,Desktop,IN,0
1097,92.27,80357,Mobile,IN,0
1065,45.38,3262,Tablet,IN,0
1031,48.85,66981,Tablet,USA,0
1086,83.11,81972,Desktop,USA,0
1062,21.29,75485,Mobile,UK,0
1085,23.79,54722,Desktop,IN,0
1050,66.28,50818,Tablet,USA,0
1024,140.35,29932,Mobile,UK,0
1057,96.63,6901,Tablet,CN,0
1062,35.29,8597,Tablet,UK,0
1061,56.27,63909,Mobile,IN,0
1021,18.71,72391,Mobile,DE,0
1057,7.76,84214,Desktop,IN,0
1057,152.65,8263,Desktop,DE,0
1085,30.84,63293,Tablet,UK,0
1048,19.57,25805,Mobile,CN,0
1051,117.64,11874,Mobile,CN,0
1041,96.25,14079,Desktop,USA,0
1069,100.29,49850,Tablet,CN,0
1014,25.99,72779,Tablet,BR,0
1053,26.48,9018,Desktop,UK,0
1059,24.95,49500,Mobile,USA,0
1096,1748.29,9981,Desktop,CN,1
1007,106.63,57021,Desktop,UK,0
1052,188.4,19800,Desktop,IN,0
1059,128.85,63400,Desktop,CN,0
1004,157.07,29437,Mobile,DE,0
1067,51.89,76537,Desktop,UK,0
1005,106.15,46675,Mobile,USA,0
1095,43.73,19942,Desktop,IN,0
1093,74.55,20862,Tablet,BR,0
1046,65.71,11669,Mobile,IN,0
1098,19.47,53772,Tablet,CN,0
1054,48.95,15916,Desktop,DE,0
1039,331.93,10878,Desktop,IN,0
1051,28.58,2985,Desktop,BR,0
1015,14.36,73648,Mobile,USA,0
1012,54.23,41235,Tablet,UK,0
1029,156.23,18931,Mobile,DE,0
1018,87.26,336,Mobile,BR,0
1016,114.25,42933,Desktop,CN,0
1062,21.03,84899,Tablet,CN,0
1018,96.48,45536,Desktop,CN,0
1091,39.08,69504,Mobile,DE,0
1057,179.76,51148,Desktop,IN,0
1054,99.24,16279,Tablet,DE,0
1089,22.17,68665,Desktop,CN,0
1089,6.68,71386,Tablet,BR,0
1061,4.36,86124,Tablet,UK,0
1022,46.43,77485,Desktop,UK,0
1008,30.9,74055,Mobile,DE,0
1011,103.87,77273,Desktop,CN,0
1000,69.18,66670,Mobile,USA,0
1057,30.93,76474,Mobile,DE,0
1000,16.16,54028,Desktop,CN,0
1033,13.6,71128,Mobile,IN,0
1095,200.0,18108,Mobile,UK,0
1047,27.9,52495,Desktop,UK,0
1088,105.47,82806,Desktop,UK,0
1000,166.43,76533,Desktop,USA,0
1015,95.21,56830,Mobile,CN,0
1060,196.3,74640,Tablet,CN,0
1063,49.82,52509,Mobile,CN,0
1062,266.16,3524,Tablet,CN,1
1068,14.29,39519,Desktop,USA,0
1021,10.78,49649,Tablet,BR,0
1092,107.5,34524,Desktop,DE,0
1066,286.17,33885,Desktop,DE,0
1075,165.49,44369,Tablet,CN,0
1025,7.95,30676,Desktop,IN,0
1015,32.76,64093,Tablet,UK,0
1050,266.38,47764,Desktop,USA,0
1085,460.95,3504,Mobile,IN,1
1056,151.95,79414,Mobile,IN,0
1028,174.37,72307,Desktop,CN,0
1077,68.41,82062,Desktop,USA,0
1091,48.83,31923,Tablet,DE,0
1068,59.81,78388,Mobile,UK,0
1046,25.74,47574,Tablet,DE,0
1093,220.18,43391,Desktop,IN,0
1061,59.9,53664,Desktop,UK,0
1068,214.1,67384,Tablet,BR,0
1075,11.17,31027,Desktop,IN,0
1015,350.8,8998,Mobile,DE,1
1089,58.57,34485,Tablet,DE,0
1089,4.9,19456,Mobile,CN,0
1047,3.88,74795,Mobile,DE,0
1084,137.12,35554,Mobile,USA,0
1038,60.25,5989,Tablet,IN,1
1099,162.01,13409,Desktop,UK,0
1032,11.13,69327,Mobile,DE,0
1093,3.62,36639,Mobile,CN,0
1022,71.05,63627,Mobile,CN,0
1009,49.04,83424,Desktop,DE,0
1068,61.98,19692,Desktop,USA,0
1099,477.81,78840,Tablet,CN,0
1033,353.19,54200,Desktop,UK,0
1051,285.28,57415,Tablet,IN,0
1094,153.17,18074,Tablet,BR,0
1009,43.83,15549,Tablet,USA,0
1018,53.13,29963,Tablet,CN,0
1057,79.77,52265,Tablet,IN,0
1095,177.51,16061,Mobile,BR,0
1000,7.12,58226,Desktop,DE,0
1068,55.22,28810,Mobile,DE,0
1003,8.62,60006,Tablet,UK,0
1015,72.29,22800,Desktop,BR,0
1023,229.17,75476,Mobile,DE,0
1079,152.55,69460,Mobile,DE,0
1001,25.86,57767,Tablet,CN,0
1091,372.93,28054,Mobile,UK,0
1031,110.07,75319,Mobile,IN,0
1090,1.05,45397,Mobile,DE,0
1083,29.49,13233,Mobile,USA,0
1023,30.21,25068,Mobile,USA,0
1011,7.18,65727,Tablet,IN,0
1049,321.45,70453,Tablet,BR,0
1034,65.06,25832,Mobile,UK,0
1032,226.16,86242,Tablet,CN,0
1032,38.89,13682,Tablet,USA,0
1060,13.38,23383,Desktop,USA,0
1050,64.31,58160,Mobile,IN,0
1042,12.1,23666,Tablet,BR,0
1011,66.56,58817,Tablet,BR,0
1066,252.95,34642,Mobile,IN,0
1064,73.56,41830,Desktop,USA,0
1032,95.84,10234,Mobile,UK,0
1039,17.04,57616,Desktop,USA,0
1073,894.74,2666,Mobile,BR,1
1042,11.74,11410,Mobile,CN,0
1043,91.26,80055,Mobile,USA,0
1028,9.98,61413,Mobile,UK,0
1012,47.16,1051,Desktop,DE,0
1011,79.87,75301,Desktop,USA,0
1094,49.21,76918,Tablet,IN,0
1045,17.87,78116,Mobile,DE,0
1001,31.99,56563,Desktop,IN,0
1034,263.55,44757,Desktop,IN,0
1086,112.7,77475,Desktop,IN,0
1080,68.53,51257,Mobile,USA,0
1089,1.28,307,Tablet,BR,0
1007,488.16,56889,Desktop,DE,0
1092,111.31,68895,Mobile,UK,0
1025,38.11,35944,Desktop,BR,0
1073,211.42,38134,Desktop,USA,0
1089,29.9,27323,Tablet,IN,0
1033,78.53,71762,Desktop,UK,0
1006,101.08,25954,Desktop,DE,0
1067,24.98,55021,Mobile,BR,0
1057,383.49,79866,Mobile,CN,0
1074,137.91,70427,Tablet,BR,0
1028,81.6,4992,Mobile,UK,0
1035,19.92,1961,Mobile,USA,0
1088,5.54,12497,Tablet,DE,0
1020,38.58,32551,Desktop,UK,0
1035,139.91,76384,Tablet,IN,0
1009,31.38,55755,Mobile,DE,0
1072,77.56,13255,Tablet,BR,0
1023,130.18,4567,Desktop,UK,0
1063,11.42,48847,Tablet,BR,0
1098,115.61,48003,Mobile,BR,0
1048,9.64,20389,Mobile,BR,0
1098,335.61,44523,Tablet,USA,0
1035,67.02,61576,Desktop,BR,0
1081,16.33,43919,Tablet,IN,0
1095,41.91,82103,Desktop,IN,0
1023,53.34,3358,Desktop,DE,0
1022,141.96,76524,Tablet,CN,0
1061,136.03,5698,Desktop,BR,0
1095,94.66,66809,Mobile,BR,0
1036,11.2,55805,Tablet,UK,0
1011,16.44,31349,Desktop,USA,0
1054,9.84,76777,Mobile,CN,0
1012,86.08,50248,Tablet,DE,0
1022,209.67,75033,Mobile,CN,0
1088,56.88,44041,Mobile,BR,0
1098,17.54,31954,Mobile,UK,0
1029,81.65,8002,Desktop,USA,0
1016,167.0,69783,Tablet,DE,0
1061,135.37,19738,Tablet,CN,0
1083,213.24,10703,Desktop,DE,0
1088,32.56,49422,Tablet,BR,0
1085,21.56,83106,Mobile,DE,0
1012,211.87,61899,Tablet,UK,0
1058,107.17,12392,Desktop,DE,0
1018,37.24,44724,Mobile,IN,0
1048,135.61,32299,Desktop,UK,0
1099,168.8,15641,Mobile,CN,0
1011,95.45,79534,Mobile,USA,0
1060,116.44,6305,Tablet,USA,0
1018,47.04,18782,Mobile,BR,0
1075,77.37,78257,Desktop,BR,0
1008,74.27,77963,Tablet,IN,0
1070,188.42,20566,Desktop,CN,0
1027,183.24,67766,Mobile,USA,0
1077,178.78,6511,Desktop,USA,0
1094,1.11,26177,Desktop,USA,0
1051,138.45,4765,Mobile,USA,0
1082,142.16,20354,Tablet,DE,0
1015,113.44,23929,Desktop,CN,0
1068,141.17,28820,Mobile,UK,0
1098,184.5,29523,Tablet,UK,0
1011,63.55,71088,Tablet,IN,0
1024,69.73,66163,Tablet,DE,0
1051,13.32,77525,Desktop,USA,0
1084,48.67,13780,Desktop,USA,0
1099,103.1,6589,Desktop,BR,0
1052,151.59,34812,Tablet,BR,0
1022,24.49,45939,Desktop,IN,0
1015,14.83,51493,Mobile,USA,0
1056,108.78,40953,Desktop,IN,0
1038,0.19,65785,Desktop,DE,0
1052,19.65,19309,Tablet,UK,0
1041,2.95,54195,Desktop,USA,0
1057,18.26,25901,Mobile,CN,0
1038,20.01,23576,Tablet,DE,0
1013,49.05,31508,Mobile,USA,0
1094,51.47,74711,Tablet,CN,0
1004,207.36,25464,Tablet,BR,0
1034,71.36,60281,Desktop,IN,0
1086,128.52,16260,Mobile,BR,0
1092,11.0,35440,Tablet,UK,0
1074,25.55,56683,Desktop,BR,0
1017,121.38,41430,Tablet,USA,0
1075,5.42,1987,Tablet,CN,0
1008,66.67,25105,Tablet,BR,0
1073,91.47,78484,Tablet,USA,0
1057,92.17,13026,Tablet,UK,0
1016,2.32,68309,Tablet,CN,0
1006,38.88,45927,Desktop,BR,0
1045,101.2,75414,Tablet,IN,0
1012,16.13,57535,Mobile,IN,0
1039,118.88,42946,Desktop,CN,0
1041,137.01,56561,Mobile,IN,0
1008,401.57,10377,Tablet,BR,0
1049,23.55,53592,Mobile,BR,0
1026,174.37,7347,Tablet,CN,0
1065,73.46,33776,Tablet,BR,0
1004,46.75,3783,Desktop,USA,0
1028,13.05,55798,Desktop,UK,0
1036,132.99,4298,Tablet,IN,0
1037,26.9,70204,Desktop,USA,0
1082,46.43,86207,Mobile,CN,0
1007,6.46,55161,Desktop,IN,0
1064,161.63,60652,Desktop,USA,0
1085,145.5,34484,Mobile,BR,0
1016,1395.26,8596,Desktop,CN,1
1070,35.59,34028,Tablet,CN,0
1088,290.94,7140,Mobile,IN,1
1044,101.49,76996,Tablet,BR,0
1003,68.55,16968,Mobile,IN,0
1035,19.63,30266,Tablet,DE,0
1069,115.81,24000,Tablet,USA,0
1030,472.47,14011,Desktop,DE,0
1018,137.52,2866,Tablet,USA,0
1060,134.7,5898,Desktop,UK,0
1053,300.2,18395,Mobile,CN,0
1038,22.68,39019,Tablet,IN,0
1090,83.37,4006,Tablet,UK,0
1073,389.45,34393,Mobile,UK,0
1089,18.07,10956,Mobile,CN,0
1018,120.48,50042,Tablet,CN,0
1038,88.14,6078,Mobile,USA,0
1066,88.3,29631,Desktop,DE,0
1044,119.62,62901,Mobile,BR,0
1012,265.38,69497,Mobile,USA,0
1091,152.59,41574,Tablet,BR,0
1057,5.78,31417,Desktop,UK,0
1019,191.55,83639,Mobile,BR,0
1091,25.56,65006,Desktop,DE,0
1071,47.31,39454,Desktop,USA,0
1060,61.94,1587,Desktop,CN,0
1038,65.57,54710,Tablet,DE,0
1000,57.12,75886,Mobile,DE,0
1002,277.02,18816,Tablet,USA,0
1076,122.42,85824,Mobile,CN,0
1091,99.74,29432,Mobile,DE,0
1061,5.11,48617,Tablet,CN,0
1062,234.25,72373,Desktop,IN,0
1024,240.12,34217,Desktop,IN,0
1055,151.51,20884,Mobile,IN,0
1032,0.71,5454,Tablet,BR,0
1037,5.9,74960,Desktop,DE,0
1005,25.52,43618,Desktop,USA,0
1057,14.08,83948,Mobile,USA,0
1043,50.89,62671,Mobile,BR,0
1044,255.91,47111,Tablet,USA,0
1031,63.88,39613,Mobile,IN,0
1044,1.35,85678,Desktop,DE,0
1060,33.23,59993,Desktop,USA,0
1046,4.56,8848,Desktop,USA,0
1020,3.7,78672,Desktop,UK,0
1079,32.26,66125,Tablet,UK,0
1084,32.24,61602,Tablet,UK,0
1074,3698.32,8785,Mobile,DE,1
1035,368.23,42222,Mobile,IN,0
1098,46.4,49223,Mobile,CN,0
1018,56.02,65333,Tablet,IN,0
1019,186.3,52732,Desktop,IN,0
1056,31.22,49420,Mobile,DE,0
1017,17.01,75504,Desktop,DE,0
1046,63.11,6895,Mobile,UK,1
1048,4.76,9460,Mobile,USA,0
1013,96.68,9275,Mobile,BR,0
1014,82.55,13269,Mobile,BR,0
1030,42.45,65942,Mobile,CN,0
1000,37.86,72920,Desktop,USA,0
1053,147.78,22553,Mobile,CN,0
1002,9.04,24366,Desktop,UK,0
1015,27.02,44036,Tablet,CN,0
1086,867.27,4107,Mobile,USA,1
1056,79.48,11795,Desktop,USA,0
1074,13.7,70021,Tablet,BR,0
1011,213.82,68154,Tablet,UK,0
1073,50.0,30143,Tablet,DE,0
1095,175.95,29425,Desktop,CN,0
1015,154.98,75139,Mobile,BR,0
1071,97.93,5368,Mobile,CN,0
1075,68.22,4621,Desktop,CN,0
1023,388.98,58829,Mobile,DE,0
1027,15.66,60294,Desktop,UK,0
1007,129.16,14719,Mobile,USA,0
1091,21.22,29227,Tablet,IN,0
1035,41.29,7566,Mobile,CN,0
1089,36.92,12306,Desktop,IN,0
1007,293.81,53822,Desktop,UK,0
1057,342.21,24042,Tablet,IN,0
1059,20.21,15086,Desktop,CN,0
1049,2.23,17387,Mobile,DE,0
1027,127.3,27042,Mobile,IN,0
1091,54.13,51618,Tablet,UK,0
1040,9.3,18323,Desktop,UK,0
1099,115.12,18019,Tablet,DE,0
1063,78.77,75426,Mobile,IN,0
1026,393.82,40863,Tablet,IN,0
1062,25.8,10283,Desktop,USA,0
1016,475.7,3280,Tablet,BR,1
1072,78.21,46999,Desktop,UK,0
1032,156.88,62780,Desktop,USA,0
1083,79.59,22908,Mobile,UK,0
1076,94.91,61584,Mobile,USA,0
1091,25.64,50225,Mobile,BR,0
1028,187.68,37952,Desktop,USA,0
1012,55.97,37663,Tablet,UK,0
1045,15.19,61381,Desktop,IN,0
1034,109.12,47929,Mobile,UK,0
1005,24.35,9343,Mobile,CN,0
1081,10.27,76173,Tablet,DE,0
1068,198.04,39791,Mobile,DE,0
1046,61.65,29134,Mobile,CN,0
1024,138.34,47101,Mobile,DE,0
1065,34.33,69443,Tablet,DE,0
1009,154.63,57530,Desktop,BR,0
1055,11.87,46799,Mobile,IN,0
1029,44.0,4827,Tablet,IN,0
1004,381.95,62653,Mobile,UK,0
1032,157.98,13699,Tablet,CN,0
1064,68.77,5313,Mobile,USA,0
1017,41.52,13598,Tablet,UK,0
1095,205.68,28807,Mobile,UK,0
1048,78.71,70423,Desktop,UK,0
1010,142.06,69390,Mobile,UK,0
1084,140.29,45226,Tablet,IN,0
1025,1.81,59550,Mobile,USA,0
1062,13.5,80072,Desktop,UK,0
1088,107.77,3558,Mobile,IN,0
1085,17.63,75308,Tablet,UK,0
1058,29.5,50113,Tablet,DE,0
1026,293.07,52999,Desktop,UK,0
1048,82.14,55878,Tablet,CN,0
1076,138.92,36343,Mobile,CN,0
1032,81.64,58219,Mobile,UK,0
1097,80.41,35186,Mobile,BR,0
1098,9.89,36966,Tablet,DE,0
1000,42.11,33769,Mobile,USA,0
1020,33.19,53218,Mobile,UK,0
1054,49.55,19229,Mobile,USA,0
1005,160.12,75209,Desktop,DE,0
1091,46.51,27877,Tablet,UK,0
1080,60.09,58001,Tablet,BR,0
1068,473.34,2212,Tablet,IN,1
1094,9.81,81780,Desktop,BR,0
1004,58.17,16806,Tablet,BR,0
1002,21.77,37034,Desktop,IN,0
1052,20.67,40317,Desktop,IN,0
1022,9.88,55468,Tablet,CN,0
1052,44.11,19094,Mobile,IN,0
1036,141.67,57796,Mobile,UK,0
1073,32.36,10589,Tablet,USA,0
1073,37.45,57221,Tablet,CN,0
1082,102.91,1657,Desktop,CN,0
1016,21.8,39531,Tablet,USA,0
1084,227.26,52227,Desktop,CN,0
1077,73.44,3164,Tablet,IN,0
1072,59.35,83973,Mobile,BR,0
1000,81.6,41247,Mobile,DE,0
1050,18.16,19601,Tablet,IN,0
1044,95.06,50599,Desktop,BR,0
1076,45.11,71545,Mobile,BR,0
1003,227.48,4552,Desktop,CN,0
1061,18.5,9417,Tablet,UK,0
1064,70.73,58579,Tablet,UK,0
1031,91.16,68207,Mobile,CN,0
1033,3.4,72055,Tablet,CN,0
1091,45.21,78270,Mobile,USA,0
1094,131.91,3722,Desktop,USA,0
1071,171.69,70442,Mobile,DE,0
1038,37.57,40031,Mobile,DE,0
1025,160.24,79235,Desktop,DE,0
1033,343.44,21438,Mobile,DE,0
1053,194.4,58819,Mobile,BR,0
1002,12.52,43856,Tablet,BR,0
1049,134.6,33576,Desktop,USA,0
1011,38.52,41938,Mobile,UK,0
1064,445.81,49028,Desktop,CN,0
1053,66.43,59807,Desktop,UK,0
1004,13.06,49877,Mobile,IN,0
1093,129.17,43461,Tablet,BR,0
1093,39.01,40469,Desktop,DE,0
1056,583.55,83136,Mobile,DE,0
1016,390.12,20435,Desktop,IN,0
1046,106.75,84117,Tablet,UK,0
1022,13.91,14191,Tablet,DE,0
1078,116.11,84726,Tablet,UK,0
1084,9.76,27386,Mobile,CN,0
1013,2.98,31721,Mobile,IN,0
1065,173.14,54786,Tablet,UK,0
1074,23.54,13704,Mobile,CN,0
1050,47.65,56635,Tablet,UK,0
1037,362.9,2123,Mobile,UK,0
1063,41.07,62993,Tablet,DE,0
1097,35.17,80122,Desktop,USA,0
1037,489.47,8078,Tablet,BR,1
1049,11.74,1814,Tablet,UK,0
1097,142.54,78537,Mobile,UK,0
1081,442.83,50258,Mobile,UK,0
1029,239.46,9734,Mobile,USA,1
1078,105.46,85166,Mobile,CN,0
1090,37.7,78916,Mobile,IN,0
1050,29.35,35699,Mobile,DE,0
1062,171.07,46335,Desktop,USA,0
1097,211.88,46806,Tablet,CN,0
1051,74.54,77853,Tablet,UK,0
1037,28.02,63768,Tablet,CN,0
1096,11.98,35739,Desktop,USA,0
1087,9.12,34785,Tablet,USA,0
1078,126.97,31980,Desktop,USA,0
1029,54.49,85016,Desktop,IN,0
1050,235.77,1609,Desktop,BR,0
1080,134.58,66253,Tablet,DE,0
1004,21.23,85481,Desktop,IN,0
1028,95.13,28141,Tablet,IN,0
1003,57.18,30009,Tablet,BR,0
1009,86.1,6782,Mobile,IN,0
1055,133.97,25933,Mobile,USA,0
1016,164.09,77154,Desktop,USA,0
1073,185.62,8307,Desktop,CN,0
1016,29.3,75874,Tablet,UK,0
1083,3.16,38346,Desktop,IN,0
1087,134.44,50772,Desktop,UK,0
1068,11.24,72084,Tablet,DE,0
1033,37.82,40149,Desktop,USA,0
1005,0.38,27526,Desktop,CN,0
1052,114.47,85712,Tablet,DE,0
1065,18.29,68477,Tablet,CN,0
1076,106.5,5695,Mobile,BR,0
1042,479.66,39169,Tablet,USA,0
1074,7.54,47947,Mobile,DE,0
1022,8.02,47224,Desktop,BR,0
1054,41.61,45865,Tablet,DE,0
1079,201.28,25553,Tablet,CN,0
1094,24.27,60410,Tablet,BR,0
1074,44.69,24816,Desktop,BR,0
1015,7.1,55026,Mobile,USA,0
1007,144.04,50705,Desktop,UK,0
1003,52.48,61922,Desktop,CN,0
1003,142.4,73914,Tablet,CN,0
1055,233.93,1881,Mobile,BR,0
1024,26.5,39567,Desktop,BR,0
1066,164.71,47365,Tablet,USA,0
1095,6.09,79211,Desktop,UK,0
1066,229.11,70122,Desktop,CN,0
1026,105.2,25006,Tablet,IN,0
1092,207.33,41198,Tablet,IN,0
1031,0.02,22831,Mobile,UK,0
1049,1005.79,7601,Desktop,DE,1
1060,49.39,32443,Tablet,USA,0
1050,47.72,42316,Tablet,UK,0
1018,25.71,64486,Mobile,IN,0
1020,48.06,5877,Mobile,BR,0
1004,13.79,39553,Tablet,IN,0
1081,53.23,4922,Mobile,BR,0
1091,162.13,4686,Tablet,USA,0
1041,65.21,32766,Desktop,BR,0
1060,1.82,79943,Mobile,UK,0
1021,54.72,32006,Desktop,BR,0
1020,2.76,31422,Desktop,DE,0
1069,338.86,12205,Desktop,UK,0
1000,13.63,23527,Tablet,USA,0
1004,122.99,18443,Desktop,UK,0
1011,360.37,16524,Desktop,DE,0
1089,174.89,28202,Desktop,USA,0
1045,120.17,65552,Tablet,IN,0
1033,182.92,46142,Desktop,DE,0
1048,400.63,61692,Desktop,USA,0
1077,97.11,82384,Mobile,BR,0
1089,81.91,20855,Tablet,UK,0
1044,98.95,83747,Desktop,USA,0
1026,76.07,60372,Mobile,UK,0
1072,100.81,25095,Tablet,BR,0
1025,59.76,38724,Tablet,USA,0
1046,24.65,49241,Tablet,IN,0
1085,12.81,52003,Tablet,DE,0
1055,7.08,68379,Tablet,USA,0
1093,30.56,15972,Tablet,BR,0
1062,4.72,22927,Desktop,USA,0
1047,83.74,66630,Desktop,UK,0
1060,33.38,52347,Desktop,CN,0
1080,174.03,86210,Desktop,USA,0
1025,7.71,69518,Mobile,IN,0
1035,25.66,45283,Desktop,USA,0
1000,131.02,81326,Tablet,DE,0
1007,91.33,12205,Desktop,USA,0
1098,6.67,12748,Desktop,CN,0
1051,209.75,21097,Tablet,UK,0
1078,209.77,3092,Desktop,USA,0
1046,40.11,53311,Desktop,IN,0
1055,41.61,22692,Desktop,BR,0
1085,451.24,23862,Mobile,USA,0
1013,98.4,79507,Desktop,USA,0
1089,75.78,80152,Tablet,DE,0
1027,182.11,70469,Tablet,IN,0
1086,33.59,4926,Desktop,CN,0
1077,56.07,3969,Desktop,BR,0
1087,31.17,35733,Desktop,UK,0
1001,155.67,69855,Tablet,USA,0
1025,85.18,41743,Tablet,CN,0
1013,1022.89,613,Mobile,BR,1
1058,29.08,20323,Mobile,UK,0
1055,24.88,16428,Mobile,CN,0
1006,67.02,34578,Tablet,IN,0
1002,133.78,64140,Mobile,IN,0
1022,74.49,83829,Desktop,BR,0
1017,3.32,6364,Desktop,UK,0
1037,202.91,35349,Tablet,IN,0
1098,6.69,691,Mobile,BR,0
1014,311.96,66467,Desktop,IN,0
1063,2.55,45896,Tablet,IN,0
1088,118.56,57062,Mobile,CN,0
1027,8.58,79762,Desktop,CN,0
1073,241.55,13861,Mobile,IN,0
1038,62.44,63928,Tablet,DE,0
1056,14.79,83231,Mobile,CN,0
1016,41.68,41347,Tablet,UK,0
1085,18.01,3121,Mobile,BR,0
1089,18.7,83793,Desktop,BR,0
1043,295.86,28164,Tablet,UK,0
1024,58.92,25491,Tablet,UK,0
1016,155.5,59222,Tablet,UK,0
1012,102.06,23165,Mobile,UK,0
1083,112.83,3748,Mobile,USA,0
1024,14.12,26553,Desktop,BR,0
1067,26.68,60380,Tablet,USA,0
1009,154.53,44331,Tablet,IN,0
1066,353.24,39560,Mobile,IN,0
1017,30.47,53865,Mobile,BR,0
1099,31.69,46686,Desktop,IN,0
1085,64.04,75910,Desktop,UK,0
1033,412.52,4675,Mobile,USA,0
1007,31.33,66706,Tablet,UK,0
1039,52.25,77986,Desktop,IN,0
1082,222.08,76216,Mobile,CN,0
1041,265.47,868,Mobile,USA,1
1040,4.06,54460,Tablet,UK,0
1005,92.65,46418,Mobile,BR,0
1051,237.93,26206,Mobile,UK,0
1025,27.29,287,Desktop,CN,0
1063,63.42,22337,Mobile,IN,0
1097,59.87,20666,Mobile,USA,0
1058,64.05,1161,Desktop,BR,0
1055,97.42,38751,Tablet,USA,0
1058,63.44,82063,Tablet,BR,0
1069,59.32,14758,Desktop,USA,0
1032,64.3,65780,Desktop,IN,0
1052,89.37,3178,Tablet,BR,0
1021,77.0,31831,Tablet,DE,0
1020,192.51,2176,Tablet,USA,0
1069,5.08,33654,Tablet,USA,0
1069,179.17,26627,Tablet,UK,0
1003,185.74,52550,Desktop,BR,0
1093,33.53,44910,Mobile,CN,0
1074,62.15,58251,Tablet,DE,0
1061,57.72,35422,Tablet,IN,0
1061,24.66,11984,Mobile,UK,0
1093,50.55,61386,Mobile,DE,0
1094,4.54,83291,Mobile,BR,0
1023,32.55,7135,Mobile,DE,0
1054,169.65,320,Mobile,USA,0
1008,33.49,21684,Mobile,USA,0
1002,170.49,55913,Desktop,UK,0
1030,75.84,21889,Mobile,BR,0
1039,211.91,48899,Mobile,BR,0
1035,85.51,10770,Desktop,DE,0
1023,3.01,39321,Mobile,UK,0
1094,112.52,85962,Tablet,BR,0
1005,4.59,41777,Tablet,CN,0
1065,59.89,46250,Mobile,CN,0
1083,265.11,73034,Desktop,USA,0
1091,18.06,40130,Tablet,DE,0
1074,49.41,81931,Desktop,IN,0
1003,130.88,49346,Tablet,USA,0
1078,213.93,2537,Mobile,UK,0
1005,111.15,84762,Desktop,BR,0
1093,29.86,15216,Desktop,USA,0
1050,112.27,84149,Desktop,IN,0
1061,35.2,3009,Tablet,IN,0
1056,126.74,29327,Tablet,CN,0
1065,307.98,14209,Tablet,UK,0
1078,127.8,48443,Mobile,USA,0
1074,198.69,15029,Tablet,DE,0
1007,0.21,67613,Mobile,USA,0
1025,126.43,79443,Desktop,CN,0
1050,176.95,56997,Desktop,IN,0
1044,4.14,62559,Mobile,UK,0
1043,205.26,64892,Tablet,UK,0
1004,29.66,70409,Mobile,DE,0
1069,109.45,8635,Desktop,UK,0
1025,161.12,33065,Desktop,CN,0
1067,108.67,33783,Mobile,CN,0
1018,9.68,34152,Tablet,CN,0
1083,90.71,58741,Tablet,UK,0
1096,79.76,51502,Mobile,UK,0
1019,230.58,29092,Mobile,CN,0
1011,51.79,17653,Tablet,UK,0
1046,38.73,40469,Desktop,UK,0
1000,138.57,59754,Mobile,IN,0
1089,53.22,29978,Tablet,USA,0
1013,103.87,43169,Tablet,BR,0
1063,103.97,48287,Desktop,UK,0
1037,218.96,54745,Desktop,BR,0
1036,91.3,5543,Desktop,BR,0
1010,69.75,56392,Desktop,IN,0
1099,14.95,21067,Desktop,UK,0
1076,12.3,51033,Mobile,CN,0
1002,16.76,45256,Tablet,BR,0
1032,18.86,69345,Mobile,UK,0
1005,101.58,22191,Mobile,DE,0
1049,135.09,72742,Mobile,CN,0
1009,75.5,28992,Mobile,DE,0
1004,176.62,81531,Mobile,DE,0
1022,474.02,48803,Desktop,BR,0
1009,171.49,63477,Desktop,DE,0
1043,118.71,13210,Tablet,IN,0
1001,76.03,83329,Mobile,IN,0
1012,59.58,26270,Tablet,BR,0
1039,8.82,62008,Desktop,UK,0
1001,50.98,5197,Desktop,USA,0
1083,240.94,7452,Desktop,UK,0
1064,165.04,41486,Mobile,UK,0
1062,24.34,14859,Mobile,UK,0
1072,62.85,27236,Desktop,UK,0
1016,169.68,31899,Tablet,CN,0
1008,6.98,32083,Tablet,USA,0
1074,49.0,67708,Desktop,CN,0
1014,190.95,16663,Tablet,DE,0
1023,51.73,19053,Desktop,UK,0
1037,8.08,11085,Tablet,IN,0
1034,78.21,30564,Desktop,BR,0
1093,197.86,59095,Tablet,BR,0
1094,89.23,69517,Mobile,CN,0
1048,25.65,21153,Desktop,CN,0
1068,48.49,5247,Desktop,IN,0
1061,59.81,10553,Tablet,UK,0
1059,86.58,20811,Desktop,USA,0
1049,142.44,6135,Desktop,DE,0
1077,10.41,5573,Desktop,BR,0
1074,220.41,79267,Mobile,DE,0
1008,1.24,7189,Mobile,USA,0
1033,46.21,80077,Tablet,CN,0
1075,2.78,43646,Mobile,BR,0
1098,1442.94,811,Tablet,DE,1
1034,74.62,53687,Mobile,CN,0
1000,71.68,68312,Tablet,USA,0
1039,18.11,27564,Mobile,DE,0
1063,103.77,28835,Mobile,UK,0
1021,4.58,61587,Tablet,CN,0
1059,143.51,7697,Desktop,USA,0
1063,293.08,80165,Desktop,DE,0
1092,41.52,73922,Mobile,UK,0
1071,72.82,17046,Tablet,UK,0
1010,47.63,57823,Desktop,USA,0
1013,0.67,73580,Tablet,IN,0
1059,48.76,53370,Desktop,BR,0
1029,156.89,9615,Tablet,USA,0
1034,90.63,5060,Mobile,UK,0
1084,10.68,76436,Tablet,UK,0
1036,187.82,60519,Desktop,USA,0
1004,75.73,71117,Mobile,IN,0
1082,184.34,61158,Tablet,BR,0
1077,86.8,34782,Desktop,DE,0
1025,304.83,4862,Mobile,USA,1
1061,11.12,78533,Tablet,BR,0
1003,18.32,58255,Desktop,BR,0
1088,357.65,72684,Tablet,CN,0
1041,25.94,56918,Tablet,UK,0
1088,379.21,84284,Mobile,DE,0
1017,75.91,79558,Mobile,USA,0
1039,14.59,85549,Desktop,UK,0
1071,10.46,81422,Mobile,CN,0
1038,23.43,25256,Desktop,CN,0
1013,259.88,30005,Tablet,UK,0
1031,53.47,6638,Tablet,IN,0
1050,50.32,37419,Desktop,BR,0
1037,37.57,33377,Tablet,USA,0
1096,15.91,43116,Mobile,USA,0
1022,66.91,36634,Tablet,USA,0
1062,13.93,82291,Mobile,UK,0
1014,180.47,23382,Desktop,IN,0
1096,46.27,56063,Desktop,DE,0
1024,46.97,22394,Tablet,CN,0
1016,64.25,67789,Tablet,UK,0
1096,58.72,864,Mobile,DE,0
1065,527.03,40222,Mobile,CN,0
1077,78.83,13666,Tablet,CN,0
1052,9.23,20955,Tablet,IN,0
1050,93.36,81845,Desktop,BR,0
1038,16.44,69590,Desktop,USA,0
1050,3.14,66471,Desktop,DE,0
1069,353.16,43298,Tablet,UK,0
1005,148.52,63108,Tablet,DE,0
1066,391.75,48924,Tablet,BR,0
1006,64.99,16709,Desktop,USA,0
1050,75.98,9726,Tablet,DE,0
1071,18.43,60824,Mobile,BR,0
1041,28.36,40542,Tablet,UK,0
1063,182.36,20245,Tablet,IN,0
1014,44.03,34753,Tablet,CN,0
1028,175.34,79788,Tablet,UK,0
1032,123.45,21316,Tablet,USA,0
1093,19.5,84698,Mobile,CN,0
1026,70.82,15960,Mobile,UK,0
1035,1033.06,4177,Tablet,UK,1
1028,26.79,25216,Desktop,UK,0
1037,177.6,32467,Tablet,UK,0
1056,78.71,64427,Tablet,CN,0
1096,18.06,62047,Tablet,USA,0
1026,87.46,73290,Desktop,BR,0
1054,815.88,47014,Desktop,DE,0
1032,103.18,1744,Desktop,IN,1
1067,169.69,78389,Mobile,DE,0
1085,23.23,50519,Desktop,DE,0
1065,152.5,4042,Mobile,IN,0
1009,132.64,49052,Mobile,CN,0
1004,35.74,14389,Desktop,USA,0
1073,39.43,68111,Desktop,IN,0
1096,157.27,50733,Desktop,USA,0
1037,61.89,34754,Mobile,CN,0
1012,131.24,18624,Tablet,DE,0
1030,16.02,85886,Desktop,USA,0
1046,191.43,26681,Desktop,CN,0
1099,124.09,81006,Desktop,CN,0
1087,237.45,24704,Mobile,BR,0
1051,14.2,7493,Mobile,IN,0
1055,89.9,69639,Tablet,BR,0
1014,91.41,54383,Desktop,DE,0
1028,43.61,2994,Mobile,IN,0
1007,61.34,69280,Tablet,DE,0
1004,3.87,47234,Desktop,BR,0
1028,136.99,47291,Mobile,CN,0
1046,79.7,5594,Desktop,DE,0
1067,5.95,7371,Desktop,IN,0
1075,114.18,47315,Mobile,IN,0
1044,62.88,83564,Mobile,DE,0
1001,3.51,79526,Mobile,IN,0
1026,349.36,16626,Desktop,CN,0
1094,297.81,86005,Desktop,CN,0
1035,71.93,7130,Tablet,IN,0
1035,9.84,6828,Desktop,DE,0
1025,140.5,57514,Mobile,BR,0
1042,67.71,52664,Desktop,IN,0
1026,36.02,17883,Tablet,IN,0
1068,67.61,43059,Tablet,IN,0
1019,73.91,84078,Mobile,IN,0
1010,82.72,42932,Mobile,DE,0
1073,58.2,61269,Tablet,BR,0
1037,93.08,75986,Tablet,BR,0
1005,251.0,85959,Tablet,USA,0
1071,44.98,2035,Mobile,IN,0
1022,129.36,40745,Tablet,IN,0
1046,224.86,17241,Tablet,USA,0
1089,60.88,52975,Mobile,BR,0
1045,58.6,23154,Desktop,UK,0
1011,92.16,25625,Desktop,CN,0
1089,89.5,44950,Tablet,UK,0
1012,164.29,56396,Desktop,BR,0
1061,64.72,13331,Desktop,IN,0
1081,555.27,63927,Desktop,UK,0
1088,6.13,86226,Desktop,DE,0
1096,0.32,84719,Tablet,DE,0
1059,102.22,63014,Desktop,USA,0
1042,35.44,39346,Desktop,BR,0
1075,27.49,70411,Mobile,BR,0
1099,37.38,54478,Tablet,UK,0
1067,29.58,12254,Mobile,IN,0
1004,3.13,55734,Mobile,BR,0
1036,355.9,28621,Tablet,UK,0
1071,147.81,2256,Desktop,UK,1
1091,303.6,7612,Mobile,CN,1
1030,143.8,81418,Tablet,CN,0
1008,264.87,60197,Desktop,BR,0
1050,3.1,84577,Tablet,UK,0
1028,205.61,42431,Mobile,USA,0
1077,74.91,4837,Desktop,USA,0
1039,100.12,83163,Desktop,CN,0
1040,103.41,71232,Tablet,BR,0
1085,171.37,48994,Desktop,IN,0
1010,40.56,79079,Mobile,USA,0
1022,132.07,12615,Mobile,USA,0
1000,75.2,1466,Mobile,CN,0
1045,157.69,30771,Tablet,CN,0
1020,466.13,83886,Desktop,BR,0
1089,22.4,65911,Desktop,CN,0
1035,523.04,20746,Desktop,DE,0
1053,9.41,60739,Mobile,UK,0
1086,0.23,73369,Desktop,USA,0
1056,4.52,1893,Mobile,DE,0
1000,41.82,30573,Desktop,IN,0
1062,100.21,40874,Mobile,DE,0
1053,7.15,77362,Desktop,BR,0
1054,0.57,33367,Tablet,IN,0
1039,276.61,21199,Tablet,IN,0
1014,172.56,74328,Mobile,CN,0
1020,165.64,57724,Mobile,DE,0
1046,215.78,86133,Desktop,BR,0
1072,120.41,36405,Desktop,USA,0
1052,11.03,15989,Tablet,CN,0
1008,50.93,28931,Desktop,DE,0
1073,128.43,9290,Mobile,USA,0
1051,32.9,38367,Mobile,DE,0
1056,116.29,79878,Mobile,CN,0
1025,2.48,79481,Mobile,USA,0
1040,36.55,76298,Mobile,CN,0
1034,79.66,30133,Tablet,DE,0
1062,99.99,27052,Tablet,IN,0
1024,86.05,85489,Mobile,UK,0
1089,119.65,40475,Desktop,IN,0
1074,0.61,82666,Mobile,CN,0
1037,10.64,57656,Tablet,CN,0
1001,203.21,4633,Mobile,CN,0
1006,114.49,17304,Tablet,USA,0
1081,11.98,46546,Tablet,BR,0
1090,184.56,7008,Mobile,CN,0
1033,27.74,48291,Mobile,IN,0
1090,65.06,27405,Desktop,UK,0
1016,15.69,36386,Tablet,CN,0
1042,123.83,20827,Desktop,CN,0
1058,109.92,33040,Mobile,CN,0
1050,23.71,60354,Tablet,USA,0
1053,199.07,78543,Desktop,CN,0
1023,51.3,18157,Desktop,IN,0
1024,34.6,35315,Desktop,DE,0
1070,16.53,35932,Mobile,BR,0
1051,30.95,21164,Mobile,CN,0
1069,2.23,14414,Mobile,USA,0
1087,87.53,14327,Tablet,IN,0
1032,184.66,946,Mobile,CN,0
1048,79.62,14693,Tablet,USA,0
1028,24.75,27241,Desktop,DE,0
1062,3.42,15540,Desktop,UK,0
1021,24.16,72255,Mobile,CN,0
1025,53.81,64757,Desktop,IN,0
1027,142.55,41203,Mobile,USA,0
1084,20.81,25081,Tablet,USA,0
1048,127.22,61861,Desktop,CN,0
1070,201.69,11350,Mobile,USA,0
1080,60.5,55512,Desktop,UK,0
1083,172.28,56809,Desktop,USA,0
1048,80.89,42832,Mobile,BR,0
1019,101.36,28369,Desktop,BR,0
1085,74.71,31728,Desktop,USA,0
1091,62.21,17576,Desktop,CN,0
1062,26.74,29001,Desktop,BR,0
1060,36.12,83384,Tablet,IN,0
1048,34.24,390,Desktop,BR,0
1070,82.85,45436,Desktop,USA,0
1000,12.78,11569,Mobile,CN,0
1095,248.64,13029,Tablet,DE,0
1012,127.53,22490,Mobile,CN,0
1093,51.32,45875,Mobile,CN,0
1086,17.27,5867,Mobile,CN,0
1050,213.7,80820,Tablet,IN,0
1055,173.6,9121,Mobile,UK,0
1082,127.91,1539,Mobile,USA,0
1061,31.68,17027,Mobile,UK,0
1031,51.49,74229,Desktop,DE,0
1029,10.84,8921,Mobile,UK,0
1028,20.95,50435,Tablet,USA,0
1048,152.79,10310,Tablet,USA,0
1044,125.54,63965,Desktop,DE,0
1092,90.01,69922,Tablet,USA,0
1029,226.07,82839,Tablet,DE,0
1015,87.53,12242,Desktop,DE,0
1039,62.92,8947,Mobile,USA,0
1018,41.61,71466,Desktop,BR,0
1017,282.09,61816,Mobile,DE,0
1000,8.63,48785,Mobile,USA,0
1077,267.2,507,Tablet,BR,0
1046,175.28,66972,Desktop,DE,0
1065,13.92,27151,Tablet,BR,0
1091,83.24,11618,Tablet,IN,0
1093,201.4,74286,Mobile,CN,0
1037,84.82,16122,Tablet,IN,0
1050,237.73,7354,Desktop,BR,0
1062,286.44,30979,Tablet,DE,0
1003,54.88,79376,Tablet,USA,0
1000,47.37,52774,Mobile,UK,0
1007,275.39,5037,Desktop,USA,0
1028,112.44,28633,Tablet,UK,0
1054,12.33,24495,Mobile,UK,0
1002,4.32,64550,Tablet,DE,0
1031,83.16,81384,Desktop,BR,0
1009,266.17,36483,Tablet,USA,0
1073,185.95,73373,Tablet,BR,0
1082,112.65,34069,Mobile,IN,0
1033,14.98,7370,Tablet,DE,0
1096,29.33,71947,Mobile,DE,0
1086,208.35,39133,Desktop,IN,0
1054,20.19,692,Tablet,USA,0
1091,32.63,28926,Desktop,CN,0
1031,13.88,73984,Desktop,IN,0
1049,112.73,43390,Tablet,USA,0
1006,288.21,49593,Mobile,UK,0
1092,31.33,75609,Desktop,DE,0
1007,64.51,5209,Desktop,USA,0
1064,100.61,6533,Tablet,BR,0
1056,753.56,7211,Tablet,BR,0
1066,11.07,9927,Tablet,DE,0
1087,69.03,77463,Tablet,IN,0
1086,48.63,24594,Tablet,CN,0
1058,200.86,74852,Tablet,IN,0
1071,64.62,77713,Mobile,USA,0
1053,11.76,76382,Desktop,IN,0
1066,100.63,7933,Mobile,DE,0
1050,147.31,40696,Mobile,USA,0
1096,0.29,65449,Tablet,UK,0
1091,195.87,67616,Desktop,IN,0
1007,20.58,6089,Mobile,IN,0
1033,80.31,56548,Tablet,CN,0
1034,53.75,26123,Tablet,USA,0
1095,127.17,7797,Desktop,BR,0
1087,46.39,50013,Mobile,IN,0
1077,203.84,8346,Mobile,DE,0
1031,131.12,85414,Mobile,IN,0
1045,104.33,33672,Tablet,CN,0
1015,159.08,17653,Desktop,UK,0
1067,140.25,49556,Desktop,CN,0
1036,3.66,26140,Mobile,IN,0
1053,50.21,1184,Tablet,BR,0
1084,267.09,34493,Mobile,IN,0
1013,13.44,44148,Desktop,USA,0
1094,133.6,24846,Tablet,IN,0
1054,367.27,22195,Mobile,BR,0
1047,5.36,5606,Mobile,USA,0
1081,114.63,3956,Tablet,DE,0
1006,63.14,16555,Desktop,USA,0
1073,86.55,18690,Tablet,CN,0
1006,8.92,58502,Mobile,UK,0
1032,4.4,48849,Mobile,CN,0
1022,109.92,26347,Mobile,USA,0
1084,173.34,49056,Mobile,DE,0
1018,152.33,63851,Desktop,IN,0
1018,78.48,81502,Desktop,USA,0
1035,10.52,81418,Mobile,CN,0
1028,720.87,8713,Desktop,USA,1
1059,27.69,41850,Desktop,USA,0
1081,241.99,78545,Desktop,USA,0
1001,182.18,27843,Mobile,DE,0
1000,123.57,62320,Tablet,BR,0
1046,297.29,29793,Tablet,BR,0
1068,3.19,39516,Tablet,USA,0
1019,133.26,17857,Mobile,DE,0
1010,829.66,7196,Desktop,DE,1
1001,236.52,61822,Desktop,USA,0
1066,31.02,84101,Mobile,CN,0
1086,129.05,52248,Mobile,CN,0
1011,210.08,55798,Tablet,UK,0
1019,4.25,44116,Tablet,USA,0
1004,50.69,75318,Mobile,UK,0
1036,143.68,28557,Tablet,CN,0
1037,60.68,71334,Desktop,CN,0
1093,31.1,75163,Mobile,USA,0
1008,24.82,78002,Mobile,UK,0
1097,14.1,42614,Desktop,UK,0
1052,194.58,12720,Desktop,USA,0
1043,85.65,57608,Desktop,UK,0
1098,7.95,72095,Tablet,IN,0
1085,48.22,84694,Mobile,CN,0
1023,45.84,35892,Tablet,BR,0
1080,20.06,77242,Desktop,DE,0
1073,57.18,77606,Tablet,UK,0
1029,40.36,924,Desktop,UK,0
1058,41.83,51322,Tablet,DE,0
1086,134.33,26478,Tablet,UK,0
1095,25.27,71042,Desktop,DE,0
1080,102.68,46418,Tablet,USA,0
1080,84.55,62217,Mobile,IN,0
1013,83.95,80846,Tablet,IN,0
1008,108.77,73762,Tablet,CN,0
1039,79.49,11781,Mobile,BR,0
1065,211.41,5515,Desktop,UK,0
1024,112.57,36133,Mobile,BR,0
1072,79.18,82508,Tablet,USA,0
1021,177.06,76946,Desktop,IN,0
1003,93.18,85058,Tablet,USA,0
1025,34.41,9095,Tablet,USA,0
1057,23.21,20470,Mobile,UK,0
1028,16.53,43129,Mobile,USA,0
1097,229.72,8531,Desktop,IN,0
1086,123.83,37038,Desktop,BR,0
1036,277.06,42674,Desktop,IN,0
1074,92.46,82476,Tablet,UK,0
1069,64.13,29831,Mobile,IN,0
1017,6.16,57174,Mobile,DE,0
1084,111.37,11279,Mobile,BR,0
1041,87.28,38220,Desktop,DE,0
1099,462.63,60610,Mobile,DE,0
1040,27.33,52719,Mobile,CN,0
1037,75.66,53051,Mobile,UK,0
1033,105.26,72013,Desktop,USA,0
1016,103.45,56652,Mobile,DE,0
1036,82.39,65524,Desktop,IN,0
1024,150.03,82936,Mobile,USA,0
1075,22.94,6470,Mobile,IN,0
1086,129.33,67598,Mobile,IN,0
1085,96.69,41798,Desktop,USA,0
1084,226.41,53473,Desktop,USA,0
1026,187.86,19880,Mobile,IN,0
1056,37.86,44439,Tablet,UK,0
1030,32.33,14308,Desktop,BR,0
1005,399.83,35081,Desktop,CN,0
1090,74.92,75242,Mobile,BR,0
1039,236.89,50383,Tablet,UK,0
1097,17.9,9837,Mobile,CN,0
1011,102.95,52151,Desktop,USA,0
1052,166.0,36824,Desktop,CN,0
1070,294.49,33073,Mobile,IN,0
1009,41.15,26299,Mobile,BR,0
1044,129.09,58861,Tablet,CN,0
1016,77.4,30063,Tablet,IN,0
1025,6.25,69453,Desktop,UK,0
1084,117.12,68472,Tablet,CN,0
1091,117.15,14506,Tablet,IN,0
1061,266.8,79854,Desktop,UK,0
1045,68.78,26026,Desktop,USA,0
1063,26.17,27672,Desktop,UK,0
1001,4.56,38417,Desktop,UK,0
1053,53.72,52413,Mobile,BR,0
1064,35.94,65066,Desktop,IN,0
1050,143.17,59213,Desktop,CN,0
1052,43.74,50971,Desktop,BR,0
1035,297.73,27281,Tablet,DE,0
1025,327.84,28091,Desktop,UK,0
1028,97.0,50494,Mobile,DE,0
1020,264.03,18610,Mobile,BR,0
1010,143.07,1079,Desktop,IN,0
1039,79.16,46751,Mobile,BR,0
1010,19.88,86126,Tablet,IN,0
1035,61.36,55432,Desktop,IN,0
1058,82.3,30951,Mobile,USA,0
1038,199.48,80863,Mobile,UK,0
1098,65.65,78291,Desktop,BR,0
1053,227.96,59872,Mobile,IN,0
1097,112.19,7235,Desktop,BR,0
1054,403.82,5423,Mobile,BR,1
1023,529.46,62712,Tablet,IN,0
1021,74.92,21473,Mobile,CN,0
1068,49.73,67567,Mobile,DE,0
1055,107.62,79823,Desktop,UK,0
1032,11.53,32230,Mobile,UK,0
1035,101.21,84573,Desktop,CN,0
1019,68.96,68876,Tablet,USA,0
1082,52.2,40644,Desktop,CN,0
1098,305.8,48664,Desktop,USA,0
1080,73.93,45203,Mobile,USA,0
1061,24.73,66677,Tablet,CN,0
1097,61.43,25425,Desktop,UK,0
1072,251.81,84817,Mobile,DE,0
1025,19.37,85961,Mobile,UK,0
1065,24.07,69806,Desktop,UK,0
1072,1.31,42814,Mobile,UK,0
1072,1.43,70219,Desktop,CN,0
1039,176.84,49646,Desktop,CN,0
1016,131.72,39884,Desktop,CN,0
1000,43.86,69322,Tablet,UK,0
1088,119.84,21650,Desktop,DE,0
1060,50.29,9190,Mobile,USA,0
1042,305.54,38196,Tablet,BR,0
1041,341.28,39449,Mobile,USA,0
1024,49.89,39661,Tablet,USA,0
1038,192.57,29709,Tablet,BR,0
1034,148.32,80428,Tablet,UK,0
1002,37.11,75179,Tablet,DE,0
1043,26.4,9943,Mobile,DE,0
1050,61.29,43240,Desktop,USA,0
1093,152.03,45760,Mobile,BR,0
1097,322.31,21042,Desktop,IN,0
1011,144.21,43894,Mobile,UK,0
1018,193.25,6869,Tablet,USA,0
1043,92.4,61078,Tablet,DE,0
1058,180.43,56759,Desktop,CN,0
1048,153.44,44306,Desktop,CN,0
1060,47.32,55371,Mobile,BR,0
1016,80.29,20918,Desktop,BR,0
1073,163.35,28379,Mobile,USA,0
1056,4.72,83232,Desktop,IN,0
1054,165.07,2962,Desktop,DE,0
1046,19.59,13851,Desktop,USA,0
1011,72.3,45747,Tablet,IN,0
1061,165.17,52349,Tablet,BR,0
1079,29.28,70832,Mobile,CN,0
1087,28.21,56356,Desktop,UK,0
1082,51.54,14745,Mobile,CN,0
1007,225.04,5730,Desktop,DE,0
1094,0.04,13921,Tablet,DE,0
1020,231.65,71138,Tablet,CN,0
1080,16.7,83111,Desktop,CN,0
1086,461.38,19023,Desktop,IN,0
1079,309.77,45349,Tablet,USA,0
1069,68.26,81533,Tablet,BR,0
1071,71.89,83286,Mobile,IN,0
1024,65.69,41979,Tablet,UK,0
1081,100.91,22837,Desktop,CN,0
1088,9.51,14997,Mobile,UK,0
1011,3.32,45039,Desktop,UK,0
1014,5.94,20923,Mobile,IN,0
1058,58.76,8876,Desktop,BR,0
1025,32.23,60973,Tablet,DE,0
1025,97.3,2887,Desktop,USA,0
1046,488.52,63723,Mobile,DE,0
1031,48.83,42422,Desktop,BR,0
1009,85.29,51413,Mobile,DE,0
1015,53.72,2841,Desktop,CN,0
1070,187.91,28756,Tablet,CN,0
1016,232.52,71576,Tablet,IN,0
1022,209.85,10304,Desktop,UK,0
1025,366.41,30341,Desktop,BR,0
1084,2.79,4758,Desktop,BR,0
1085,183.14,17010,Mobile,DE,0
1006,139.34,60758,Desktop,IN,0
1013,25.97,31658,Desktop,DE,0
1078,313.09,49002,Mobile,DE,0
1006,16.04,1375,Tablet,BR,0
1008,113.8,22092,Desktop,DE,0
1047,25.48,490,Desktop,UK,0
1071,56.45,3729,Tablet,DE,0
1058,127.0,5974,Tablet,UK,0
1086,82.86,85216,Mobile,BR,0
1092,55.77,83860,Desktop,IN,0
1081,39.5,21398,Desktop,CN,0
1094,183.05,34650,Mobile,UK,0
1093,15.53,21292,Tablet,IN,0
1038,56.23,3159,Mobile,IN,0
1098,234.09,62766,Tablet,UK,0
1017,186.98,17065,Mobile,BR,0
1058,51.24,21638,Tablet,USA,0
1016,64.83,5089,Mobile,IN,1
1013,173.25,46511,Tablet,IN,0
1030,219.72,84307,Tablet,BR,0
1023,78.64,29320,Tablet,BR,0
1098,22.87,69876,Tablet,DE,0
1059,29.48,34924,Tablet,BR,0
1044,35.05,81720,Desktop,IN,0
1097,90.09,40734,Tablet,UK,0
1002,3.34,68116,Desktop,USA,0
1036,374.26,6608,Tablet,DE,1
1042,45.31,2159,Desktop,UK,0
1039,34.99,48940,Desktop,USA,0
1089,211.61,79436,Mobile,USA,0
1054,61.62,76976,Tablet,USA,0
1086,933.77,9717,Mobile,CN,1
1038,175.3,61075,Mobile,UK,0
1014,4.88,47204,Tablet,DE,0
1003,129.74,12021,Mobile,DE,0
1092,148.68,6772,Tablet,USA,0
1085,43.48,67163,Mobile,UK,0
1024,174.18,73755,Tablet,CN,0
1012,72.5,23464,Tablet,USA,0
1081,62.23,51137,Tablet,BR,0
1032,4.65,30232,Desktop,DE,0
1015,34.25,61497,Mobile,IN,0
1041,267.38,74024,Desktop,USA,0
1065,49.73,51448,Mobile,BR,0
1054,79.12,84517,Mobile,DE,0
1098,75.93,901,Mobile,CN,0
1041,89.27,83597,Desktop,UK,0
1033,6.33,2881,Mobile,DE,0
1029,44.97,29863,Desktop,UK,0
1012,128.42,5622,Tablet,UK,0
1012,22.38,1378,Mobile,CN,0
1017,22.76,83168,Mobile,CN,0
1031,1.01,71186,Tablet,USA,0
1095,57.53,45201,Tablet,USA,0
1098,214.33,59251,Mobile,DE,0
1038,5.33,72572,Tablet,CN,0
1045,21.21,39255,Desktop,BR,0
1028,37.12,63212,Desktop,DE,0
1061,131.57,50210,Mobile,IN,0
1092,102.34,22499,Desktop,UK,0
1061,53.78,51628,Desktop,UK,0
1056,142.32,61360,Mobile,USA,0
1015,94.07,4603,Tablet,BR,0
1055,226.38,85473,Mobile,CN,0
1009,170.39,12632,Desktop,CN,0
1029,29.14,30607,Mobile,USA,0
1024,31.67,65756,Mobile,IN,0
1083,13.39,46994,Desktop,DE,0
1004,41.09,63382,Desktop,DE,0
1064,769.28,70354,Mobile,BR,0
1093,52.05,56344,Desktop,USA,0
1048,24.91,53775,Desktop,USA,0
1002,143.75,7349,Desktop,IN,0
1044,78.19,71154,Desktop,DE,0
1013,16.21,27464,Desktop,USA,0
1029,47.91,42624,Desktop,CN,0
1067,53.52,37344,Tablet,BR,0
1017,140.17,83791,Mobile,DE,0
1061,2.09,24299,Desktop,IN,0
1036,31.34,47975,Mobile,BR,0
1024,72.9,1462,Tablet,UK,0
1047,31.31,81441,Desktop,CN,0
1064,99.0,81788,Mobile,IN,0
1052,65.75,40581,Desktop,BR,0
1078,44.9,71289,Desktop,USA,0
1072,298.0,14175,Desktop,UK,0
1014,100.01,6191,Desktop,IN,0
1048,13.92,83434,Desktop,USA,0
1087,82.12,84518,Desktop,CN,0
1067,151.75,80158,Desktop,UK,0
1011,123.27,66537,Tablet,DE,0
1058,18.88,47645,Tablet,USA,0
1036,359.07,23283,Desktop,BR,0
1060,59.57,59123,Desktop,IN,0
1042,17.32,30024,Tablet,UK,0
1069,19.87,49630,Tablet,USA,0
1038,10.34,30734,Tablet,DE,0
1055,162.72,515,Desktop,IN,0
1062,13.01,66727,Mobile,IN,0
1045,13.37,46216,Mobile,USA,0
1087,190.03,71833,Mobile,DE,0
1010,42.25,58755,Mobile,CN,0
1061,3.13,27856,Desktop,CN,0
1076,5.33,73870,Mobile,UK,0
1097,15.33,24162,Tablet,USA,0
1024,24.0,6008,Tablet,UK,0
1070,109.41,7987,Mobile,CN,0
1051,17.12,62532,Tablet,IN,0
1003,12.66,3332,Desktop,UK,0
1058,144.7,66323,Mobile,DE,0
1071,111.19,38990,Mobile,BR,0
1019,57.15,9873,Desktop,CN,0
1092,79.7,82542,Tablet,CN,0
1062,37.39,85761,Desktop,DE,0
1053,65.87,36444,Desktop,UK,0
1073,70.66,35340,Tablet,USA,0
1097,48.98,5033,Desktop,IN,0
1056,237.06,73324,Tablet,BR,0
1089,1.62,15689,Tablet,USA,0
1040,152.4,66,Desktop,USA,0
1002,13.28,45246,Tablet,DE,0
1005,159.72,7533,Desktop,UK,0
1004,95.69,80639,Tablet,CN,0
1004,185.33,70152,Mobile,CN,0
1053,10.26,59658,Tablet,DE,0
1046,81.87,38498,Tablet,UK,0
1086,69.53,11772,Desktop,DE,0
1048,122.48,49036,Tablet,CN,0
1008,76.42,58531,Mobile,USA,0
1098,77.81,12940,Mobile,IN,0
1019,56.14,16932,Tablet,UK,0
1060,36.94,56827,Tablet,BR,0
1034,65.83,61431,Mobile,BR,0
1049,12.61,24648,Desktop,USA,0
1081,325.74,32966,Mobile,DE,0
1061,125.32,27777,Mobile,DE,0
1016,304.63,32567,Tablet,CN,0
1087,25.71,17174,Tablet,USA,0
1002,211.48,42598,Mobile,CN,0
1031,165.44,59199,Desktop,CN,0
1098,113.06,13798,Mobile,BR,0
1012,98.09,65364,Mobile,CN,0
1088,38.06,17558,Desktop,CN,0
1072,169.51,61084,Mobile,BR,0
1067,69.62,44237,Mobile,DE,0
1013,7.35,65497,Tablet,UK,0
1097,37.52,178,Desktop,IN,0
1010,273.79,86006,Tablet,CN,0
1055,190.17,17118,Tablet,UK,0
1066,401.22,22616,Desktop,BR,0
1091,98.88,798,Desktop,UK,0
1028,28.44,7601,Mobile,IN,0
1008,17.77,25363,Tablet,UK,0
1066,20.69,2795,Desktop,UK,0
1024,2.0,45264,Tablet,UK,0
1097,49.54,72833,Tablet,UK,0
1075,21.25,3084,Desktop,USA,0
1041,53.04,76646,Mobile,CN,0
1008,273.33,731,Tablet,BR,0
1078,56.31,1129,Desktop,IN,0
1039,210.36,28022,Mobile,BR,0
1024,93.01,1605,Tablet,USA,0
1004,28.39,77506,Desktop,USA,0
1010,889.35,1469,Tablet,USA,1
1058,8.77,29265,Desktop,CN,0
1097,40.57,32330,Desktop,USA,0
1087,139.67,2675,Tablet,UK,1
1078,7.48,15187,Tablet,BR,0
1037,22.99,25791,Desktop,DE,0
1071,48.04,70610,Mobile,IN,0
1004,402.01,39867,Tablet,USA,0
1047,153.65,893,Desktop,BR,0
1089,132.23,19773,Desktop,USA,0
1017,12.35,4239,Mobile,CN,0
1069,151.87,20863,Mobile,USA,0
1036,153.84,51415,Mobile,USA,0
1059,91.91,68968,Tablet,USA,0
1047,464.2,60430,Desktop,USA,0
1076,39.34,1515,Desktop,IN,0
1027,283.48,14605,Desktop,BR,0
1068,246.19,56240,Mobile,CN,0
1076,1.15,5586,Desktop,USA,0
1080,59.8,31186,Tablet,USA,0
1039,377.68,26928,Mobile,USA,0
1044,10.88,83087,Mobile,USA,0
1095,79.36,20711,Mobile,UK,0
1061,386.12,54962,Mobile,UK,0
1092,81.08,20039,Tablet,DE,0
1057,21.05,36561,Desktop,USA,0
1066,87.27,75483,Tablet,DE,0
1055,22.87,81395,Desktop,IN,0
1039,73.34,1577,Tablet,DE,0
1097,7.69,28350,Mobile,BR,0
1039,93.01,33798,Mobile,UK,0
1090,72.73,81417,Tablet,UK,0
1076,134.77,10785,Tablet,USA,0
1032,99.61,72227,Desktop,USA,0
1005,79.76,61957,Tablet,IN,0
1087,117.05,65431,Tablet,CN,0
1018,15.54,17297,Desktop,IN,0
1079,90.48,71894,Desktop,BR,0
1039,18.89,63772,Desktop,USA,0
1091,259.73,19581,Tablet,USA,0
1096,7.08,55192,Desktop,IN,0
1058,56.28,1462,Mobile,IN,0
1058,119.01,64173,Mobile,IN,0
1047,61.25,15511,Mobile,UK,0
1040,9.66,76106,Tablet,DE,0
1012,80.6,48665,Mobile,DE,0
1044,102.62,44414,Tablet,USA,0
1088,121.67,81010,Tablet,UK,0
1052,46.72,72573,Mobile,IN,0
1041,82.93,13386,Desktop,USA,0
1099,59.91,54460,Tablet,UK,0
1062,111.49,6221,Mobile,BR,0
1026,87.6,23474,Tablet,CN,0
1037,74.6,21045,Desktop,UK,0
1059,28.7,4922,Desktop,USA,0
1006,0.2,22706,Mobile,DE,0
1004,19.13,42771,Tablet,IN,0
1044,12.45,52335,Tablet,CN,0
1057,59.62,52949,Tablet,BR,0
1030,94.74,70714,Tablet,CN,0
1022,23.96,15240,Mobile,CN,0
1041,279.78,2716,Desktop,UK,0
1009,0.67,16574,Mobile,USA,0
1031,147.97,83255,Tablet,USA,0
1052,98.14,73717,Tablet,CN,0
1029,46.77,44066,Desktop,IN,0
1038,5.18,61826,Tablet,USA,0
1030,98.75,20213,Mobile,CN,0
1081,48.71,71916,Mobile,USA,0
1099,275.31,66151,Desktop,IN,0
1001,78.09,50906,Mobile,BR,0
1077,280.76,463,Mobile,CN,0
1076,6.25,1513,Mobile,DE,1
1092,129.36,74694,Mobile,DE,0
1011,96.04,20651,Tablet,CN,0
1038,134.48,68694,Mobile,UK,0
1065,24.16,20008,Desktop,BR,0
1095,109.36,70474,Desktop,UK,0
1012,68.92,38185,Mobile,DE,0
1045,135.8,74417,Desktop,IN,0
1026,39.61,71139,Mobile,CN,0
1016,220.78,34980,Desktop,USA,0
1094,8.81,22504,Desktop,DE,0
1097,164.6,54970,Mobile,BR,0
1059,197.56,16766,Mobile,DE,0
1063,169.96,11695,Tablet,BR,0
1087,71.89,17796,Mobile,BR,0
1034,57.69,42543,Mobile,CN,0
1069,558.93,14559,Tablet,BR,0
1082,26.03,33139,Mobile,UK,0
1029,79.16,8802,Mobile,IN,0
1070,111.07,73843,Tablet,DE,0
1073,120.69,40205,Mobile,IN,0
1095,1118.63,4876,Mobile,USA,1
1097,106.13,11516,Tablet,DE,0
1062,170.58,50492,Tablet,IN,0
1027,5.13,29086,Desktop,IN,0
1059,242.5,30480,Mobile,CN,0
1078,2.99,52091,Desktop,CN,0
1093,44.0,47766,Desktop,USA,0
1036,1.59,38737,Tablet,BR,0
1092,8.03,9265,Mobile,DE,0
1021,242.1,70990,Mobile,CN,0
1067,43.83,15386,Tablet,DE,0
1019,55.3,37425,Desktop,USA,0
1095,24.25,43254,Tablet,CN,0
1099,90.91,53634,Mobile,CN,0
1067,90.34,47662,Tablet,BR,0
1090,46.55,75452,Mobile,DE,0
1063,40.5,10143,Desktop,DE,0
1016,216.25,15581,Mobile,DE,0
1011,48.33,67443,Desktop,BR,0
1021,68.02,29424,Desktop,CN,0
1016,33.31,41984,Mobile,USA,0
1009,154.54,41505,Mobile,DE,0
1064,50.66,62699,Desktop,IN,0
1021,72.07,26957,Tablet,BR,0
1089,29.22,25464,Mobile,UK,0
1081,439.49,23649,Desktop,USA,0
1049,34.46,42065,Desktop,IN,0
1013,147.29,34758,Tablet,DE,0
1063,55.77,5596,Mobile,UK,0
1046,23.09,16374,Desktop,USA,0
1028,160.8,3775,Tablet,BR,0
1075,40.59,27388,Desktop,UK,0
1035,200.39,21029,Mobile,CN,0
1098,246.81,83981,Tablet,UK,0
1051,196.49,53639,Desktop,IN,0
1075,3.56,14645,Tablet,USA,0
1006,154.82,31105,Mobile,IN,0
1028,52.99,13668,Tablet,IN,0
1010,206.93,15960,Mobile,DE,0
1032,101.6,11357,Desktop,BR,0
1005,179.36,64604,Mobile,UK,0
1078,69.2,51796,Desktop,USA,0
1031,76.58,15804,Desktop,CN,0
1050,15.59,14626,Mobile,BR,0
1074,89.97,1451,Desktop,BR,1
1057,54.37,7951,Tablet,USA,0
1086,69.33,6449,Desktop,BR,0
1025,153.76,19065,Mobile,DE,0
1097,91.34,9130,Tablet,BR,0
1045,22.45,62287,Tablet,DE,0
1097,89.22,51702,Desktop,UK,0
1028,52.36,36993,Desktop,UK,0
1003,63.4,31875,Mobile,IN,0
1080,2.87,6054,Tablet,DE,0
1098,23.58,48517,Mobile,CN,0
1012,32.99,76368,Desktop,UK,0
1038,124.81,29670,Tablet,BR,0
1014,1.16,49112,Mobile,USA,0
1028,52.56,28307,Mobile,USA,0
1028,257.74,67087,Mobile,DE,0
1074,11.86,47922,Mobile,CN,0
1031,72.65,63080,Mobile,IN,0
1001,154.42,79335,Tablet,BR,0
1046,285.65,26312,Mobile,DE,0
1077,137.35,66985,Tablet,USA,0
1083,127.5,57608,Mobile,DE,0
1021,175.15,40277,Desktop,BR,0
1074,59.1,31551,Desktop,CN,0
1026,163.91,56597,Mobile,CN,0
1066,0.8,45212,Desktop,UK,0
1080,258.44,9637,Tablet,BR,0
1055,58.57,43258,Mobile,UK,0
1091,80.6,35693,Tablet,UK,0
1092,29.42,9824,Mobile,UK,0
1020,135.69,26950,Desktop,DE,0
1046,7.97,23488,Tablet,USA,0
1079,206.07,215,Desktop,CN,0
1058,176.09,11523,Desktop,DE,0
1083,24.34,75900,Mobile,USA,0
1005,165.72,68689,Tablet,CN,0
1018,154.35,23834,Desktop,BR,0
1056,100.03,34474,Mobile,CN,0
1068,46.76,43066,Mobile,CN,0
1002,31.68,10400,Mobile,CN,0
1000,26.37,10345,Desktop,IN,0
1057,38.36,33896,Mobile,BR,0
1037,233.88,85430,Tablet,DE,0
1014,8.08,28899,Tablet,DE,0
1033,176.53,28229,Desktop,USA,0
1060,42.91,5583,Tablet,DE,0
1034,73.73,4897,Mobile,UK,0
1063,158.22,71537,Desktop,CN,0
1024,215.74,4567,Mobile,DE,0
1023,42.28,74807,Desktop,USA,0
1011,61.96,77239,Desktop,USA,0
1017,53.53,13329,Mobile,UK,0
1014,1.33,71792,Tablet,USA,0
1079,35.09,228,Tablet,IN,0
1026,61.47,82214,Desktop,CN,0
1071,52.95,37052,Mobile,CN,0
1059,127.99,57769,Mobile,CN,0
1045,48.58,46032,Desktop,BR,0
1088,67.21,33686,Tablet,DE,0
1016,68.75,4654,Mobile,IN,1
1092,134.95,63261,Tablet,DE,0
1052,198.76,2809,Tablet,IN,0
1007,75.91,41785,Desktop,DE,0
1078,155.79,36547,Desktop,UK,0
1026,35.21,42818,Tablet,USA,0
1045,77.95,71927,Mobile,USA,0
1049,42.35,65681,Mobile,UK,0
1070,53.48,79465,Desktop,IN,0
1002,131.83,37333,Tablet,BR,0
1092,213.42,16576,Mobile,IN,0
1063,12.95,39405,Mobile,USA,0
1043,100.69,73779,Desktop,BR,0
1052,87.26,31601,Tablet,DE,0
1023,12.6,67946,Mobile,BR,0
1059,23.81,67356,Desktop,IN,0
1002,37.25,52116,Mobile,UK,0
1019,18.26,62894,Mobile,DE,0
1045,27.94,34635,Mobile,IN,0
1014,31.14,7465,Desktop,DE,0
1024,40.9,56754,Tablet,BR,0
1093,138.39,85119,Desktop,USA,0
1077,84.84,38871,Tablet,IN,0
1070,428.65,62874,Mobile,UK,0
1016,53.57,77733,Tablet,BR,0
1083,140.19,29511,Mobile,IN,0
1099,205.16,80960,Mobile,UK,0
1008,113.62,48821,Desktop,IN,0
1037,53.08,65776,Mobile,BR,0
1047,140.08,70167,Desktop,IN,0
1059,22.77,75135,Tablet,DE,0
1062,39.68,44462,Tablet,BR,0
1085,79.12,61382,Mobile,IN,0
1001,85.66,32574,Desktop,USA,0
1087,2.24,41910,Mobile,IN,0
1071,290.25,73531,Desktop,DE,0
1010,119.28,25186,Desktop,UK,0
1063,68.46,22813,Desktop,UK,0
1076,270.5,78812,Tablet,UK,0
1080,57.82,85525,Desktop,USA,0
1071,393.4,78282,Tablet,DE,0
1020,71.8,18557,Desktop,BR,0
1017,2.16,3007,Tablet,UK,1
1093,144.73,58866,Tablet,DE,0
1063,453.35,3124,Tablet,IN,1
1081,148.27,84577,Mobile,USA,0
1094,302.5,6080,Desktop,DE,0
1037,149.83,13854,Mobile,DE,0
1031,94.5,67695,Desktop,BR,0
1010,194.71,27025,Desktop,DE,0
1044,111.85,52982,Mobile,BR,0
1088,52.44,41081,Tablet,USA,0
1032,559.76,1753,Desktop,USA,1
1040,25.09,27094,Tablet,IN,0
1007,125.4,46040,Mobile,BR,0
1010,213.34,66766,Tablet,BR,0
1085,131.42,83053,Desktop,UK,0
1050,119.49,23991,Desktop,UK,0
1087,139.69,1301,Desktop,IN,0
1040,62.56,28610,Mobile,USA,0
1016,207.28,81463,Desktop,CN,0
