BusinessID,AnnualRevenue,YearsInOperation,CreditScore,LoanAmount,Defaulted
BIZ0001,299671.42,4,701.0,52945.96,0
BIZ0002,236173.57,7,640.0,36390.12,0
BIZ0003,314768.85,7,621.0,62298.89,0
BIZ0004,402302.99,2,636.0,60193.66,0
BIZ0005,226584.66,5,679.0,66234.11,0
BIZ0006,226586.3,6,721.0,56638.37,0
BIZ0007,407921.28,5,619.0,108708.12,0
BIZ0008,326743.47,2,655.0,29441.52,0
BIZ0009,203052.56,7,667.0,15787.93,0
BIZ0010,304256.0,9,600.0,42138.2,0
BIZ0011,203658.23,6,651.0,18640.23,1
BIZ0012,203427.02,5,577.0,20150.75,0
BIZ0013,274196.23,6,562.0,29973.71,0
BIZ0014,58671.98,5,668.0,31556.22,1
BIZ0015,77508.22,5,631.0,30907.64,0
BIZ0016,193771.25,5,660.0,60364.38,0
BIZ0017,148716.89,4,649.0,39876.22,0
BIZ0018,281424.73,8,601.0,46409.71,0
BIZ0019,159197.59,4,648.0,67884.66,0
BIZ0020,108769.63,5,588.0,34673.55,0
BIZ0021,396564.88,3,720.0,44709.08,0
BIZ0022,227422.37,7,582.0,57315.2,0
BIZ0023,256752.82,2,640.0,11168.64,1
BIZ0024,107525.18,5,598.0,2301.89,0
BIZ0025,195561.73,10,679.0,56922.35,0
BIZ0026,261092.26,7,633.0,59840.29,1
BIZ0027,134900.64,7,624.0,91284.4,0
BIZ0028,287569.8,10,693.0,53161.9,0
BIZ0029,189936.13,1,651.0,66394.79,1
BIZ0030,220830.63,5,676.0,46090.55,0
BIZ0031,189829.34,3,601.0,55944.54,0
BIZ0032,435227.82,8,580.0,83345.14,0
BIZ0033,248650.28,7,655.0,7520.14,0
BIZ0034,144228.91,3,634.0,58272.33,0
BIZ0035,332254.49,1,681.0,92711.73,0
BIZ0036,127915.64,5,646.0,55640.68,0
BIZ0037,270886.36,3,660.0,83011.46,0
BIZ0038,54032.99,6,569.0,37415.76,0
BIZ0039,117181.4,3,744.0,49359.05,0
BIZ0040,269686.12,4,642.0,50670.49,0
BIZ0041,323846.66,5,685.0,5648.18,0
BIZ0042,267136.83,8,608.0,26636.44,0
BIZ0043,238435.17,7,665.0,28062.5,0
BIZ0044,219889.63,5,585.0,66441.32,0
BIZ0045,102147.8,4,673.0,67443.06,0
BIZ0046,178015.58,6,632.0,56480.73,1
BIZ0047,203936.12,8,651.0,66482.06,0
BIZ0048,355712.22,4,685.0,46717.01,1
BIZ0049,284361.83,3,588.0,74038.63,0
BIZ0050,73695.98,2,616.0,50175.77,0
BIZ0051,282408.4,3,673.0,51157.28,1
BIZ0052,211491.77,9,755.0,44688.15,0
BIZ0053,182307.8,5,643.0,63689.01,0
BIZ0054,311167.63,4,680.0,41576.02,0
BIZ0055,353099.95,7,645.0,69528.63,1
BIZ0056,343128.01,8,747.0,27357.02,1
BIZ0057,166078.25,4,563.0,28021.67,0
BIZ0058,219078.76,4,655.0,63748.54,0
BIZ0059,283126.34,8,569.0,48229.12,0
BIZ0060,347554.51,5,525.0,40922.17,0
BIZ0061,202082.58,5,665.0,67801.15,1
BIZ0062,231434.1,6,657.0,37854.77,0
BIZ0063,139366.5,7,636.0,45995.97,0
BIZ0064,130379.34,2,645.0,77984.56,0
BIZ0065,331252.58,1,805.0,80782.85,0
BIZ0066,385624.0,7,637.0,81447.96,1
BIZ0067,242798.99,5,676.0,44357.48,0
BIZ0068,350353.29,4,618.0,74614.06,0
BIZ0069,286163.6,4,665.0,31020.94,1
BIZ0070,185488.02,3,638.0,31861.94,0
BIZ0071,286139.56,8,629.0,2990.88,0
BIZ0072,403803.66,7,741.0,83457.36,0
BIZ0073,246417.4,1,709.0,32720.4,0
BIZ0074,406464.37,2,657.0,47469.35,0
BIZ0075,-11974.51,4,535.0,31793.51,1
BIZ0076,332190.25,6,632.0,63903.3,0
BIZ0077,258704.71,4,785.0,42487.33,1
BIZ0078,220099.26,6,638.0,23903.66,0
BIZ0079,259176.08,8,705.0,58833.25,0
BIZ0080,51243.11,7,722.0,21325.4,0
BIZ0081,228032.81,5,661.0,33251.89,0
BIZ0082,285711.26,2,608.0,7862.22,0
BIZ0083,397789.4,1,528.0,21520.84,1
BIZ0084,198172.98,7,684.0,53570.58,0
BIZ0085,169150.64,4,609.0,10709.28,0
BIZ0086,199824.3,1,659.0,20377.09,0
BIZ0087,341540.21,6,588.0,49952.62,0
BIZ0088,282875.11,5,637.0,39127.86,0
BIZ0089,197023.98,8,652.0,89840.73,0
BIZ0090,301326.74,5,663.0,86677.93,0
BIZ0091,259707.75,4,594.0,32641.55,0
BIZ0092,346864.5,10,710.0,61142.75,0
BIZ0093,179794.69,7,620.0,64985.65,0
BIZ0094,217233.79,4,566.0,38050.42,0
BIZ0095,210789.18,8,645.0,20089.17,0
BIZ0096,103648.51,5,652.0,49754.03,0
BIZ0097,279612.03,5,658.0,46543.09,0
BIZ0098,276105.53,5,718.0,41284.71,1
BIZ0099,250511.35,2,638.0,58846.34,0
BIZ0100,226541.29,3,644.0,34985.41,0
BIZ0101,108462.93,4,595.0,26960.05,1
BIZ0102,207935.47,9,691.0,52181.66,0
BIZ0103,215728.55,0,659.0,57719.4,0
BIZ0104,169772.27,5,629.0,26467.1,0
BIZ0105,233871.43,5,555.0,68561.81,0
BIZ0106,290405.09,5,722.0,14590.38,0
BIZ0107,438618.59,5,589.0,38437.73,0
BIZ0108,267457.78,4,620.0,44839.83,0
BIZ0109,275755.04,9,668.0,37275.53,0
BIZ0110,242555.41,6,590.0,38698.79,0
BIZ0111,58122.88,2,575.0,87421.49,0
BIZ0112,247348.61,6,544.0,32982.32,0
BIZ0113,256023.02,6,686.0,98824.43,1
BIZ0114,496324.21,6,623.0,58742.54,0
BIZ0115,230763.9,5,796.0,51841.1,0
BIZ0116,280154.73,2,600.0,59524.81,0
BIZ0117,246528.82,5,604.0,100598.55,0
BIZ0118,133132.2,3,622.0,30128.14,0
BIZ0119,364282.28,3,662.0,27591.64,1
BIZ0120,325193.3,3,626.0,34902.68,0
BIZ0121,329103.19,6,681.0,50642.86,1
BIZ0122,159061.25,6,601.0,15484.58,0
BIZ0123,390279.43,4,581.0,50446.78,0
BIZ0124,109814.89,5,560.0,83870.94,0
BIZ0125,308685.71,5,539.0,53028.15,0
BIZ0126,469045.56,7,624.0,44146.29,1
BIZ0127,150946.37,5,635.0,37636.79,0
BIZ0128,193370.23,3,618.0,67970.23,0
BIZ0129,259965.14,4,712.0,33483.34,0
BIZ0130,199652.43,7,711.0,86927.92,1
BIZ0131,94933.66,5,633.0,88667.19,0
BIZ0132,256856.3,7,560.0,55135.02,0
BIZ0133,143769.63,8,622.0,49769.7,0
BIZ0134,297359.24,7,620.0,70613.2,0
BIZ0135,158057.58,5,617.0,71895.97,0
BIZ0136,404993.44,8,615.0,33880.17,1
BIZ0137,171674.67,4,617.0,39468.9,0
BIZ0138,217793.85,6,631.0,23553.05,0
BIZ0139,331351.72,8,618.0,58181.3,0
BIZ0140,126913.57,6,660.0,63332.56,0
BIZ0141,272745.99,3,668.0,23001.49,0
BIZ0142,380714.28,8,604.0,40896.02,1
BIZ0143,89251.68,4,714.0,23054.92,1
BIZ0144,268463.39,7,601.0,32024.0,1
BIZ0145,275988.28,2,569.0,61020.34,1
BIZ0146,328182.29,10,669.0,35330.36,0
BIZ0147,126304.93,6,609.0,43983.48,0
BIZ0148,117954.34,4,666.0,17453.77,0
BIZ0149,302194.16,5,530.0,53739.8,0
BIZ0150,279698.47,6,720.0,49114.53,0
BIZ0151,275049.29,4,684.0,35420.81,0
BIZ0152,284644.82,5,575.0,46219.71,0
BIZ0153,181997.53,6,576.0,53605.9,1
BIZ0154,273225.37,3,734.0,33702.64,0
BIZ0155,279307.25,7,613.0,20474.75,1
BIZ0156,178564.86,7,608.0,86111.49,0
BIZ0157,436577.45,8,537.0,37334.55,0
BIZ0158,297383.29,4,632.0,48064.8,0
BIZ0159,130869.65,7,639.0,70216.79,0
BIZ0160,315655.36,3,686.0,120581.1,0
BIZ0161,152531.83,4,580.0,25110.27,0
BIZ0162,328708.46,4,574.0,58996.54,0
BIZ0163,365859.56,0,673.0,35848.95,0
BIZ0164,167931.77,1,700.0,39224.19,0
BIZ0165,346337.61,1,571.0,35595.76,0
BIZ0166,291278.09,7,704.0,27486.9,0
BIZ0167,332206.02,5,652.0,49174.17,0
BIZ0168,439679.3,5,705.0,20509.95,0
BIZ0169,225461.19,8,646.0,68936.15,0
BIZ0170,174626.38,3,524.0,51100.06,0
BIZ0171,161048.56,5,642.0,58448.7,0
BIZ0172,168418.97,3,703.0,40676.23,0
BIZ0173,242289.83,5,605.0,42655.92,0
BIZ0174,284115.2,1,631.0,55751.28,0
BIZ0175,277669.08,7,641.0,26718.99,0
BIZ0176,332718.32,2,505.0,42840.19,0
BIZ0177,251300.19,4,734.0,32807.73,0
BIZ0178,395353.41,6,605.0,32188.62,0
BIZ0179,223534.32,7,675.0,7803.24,0
BIZ0180,522016.92,9,646.0,76786.53,0
BIZ0181,312566.73,4,713.0,36269.22,0
BIZ0182,164284.24,1,670.0,73267.52,0
BIZ0183,142910.75,4,638.0,71375.85,0
BIZ0184,298247.24,6,605.0,24280.01,0
BIZ0185,227653.72,3,690.0,28231.78,0
BIZ0186,321400.05,4,556.0,101210.06,1
BIZ0187,297323.76,2,682.0,85018.52,1
BIZ0188,242717.11,6,595.0,49369.63,0
BIZ0189,165320.63,8,713.0,55147.46,0
BIZ0190,98515.28,7,658.0,37383.07,0
BIZ0191,205348.5,2,682.0,58647.05,0
BIZ0192,335639.88,6,654.0,35656.36,1
BIZ0193,271409.37,9,562.0,9352.92,1
BIZ0194,125426.12,3,607.0,23568.88,0
BIZ0195,267318.09,8,684.0,50421.85,0
BIZ0196,288531.74,7,658.0,27378.66,0
BIZ0197,161614.26,6,709.0,48654.45,0
BIZ0198,265372.51,10,670.0,28506.78,1
BIZ0199,255820.87,5,602.0,34352.92,1
BIZ0200,135702.97,5,610.0,67063.31,0
BIZ0201,285778.74,5,655.0,54949.61,0
BIZ0202,306078.45,5,534.0,49806.71,0
BIZ0203,358305.12,4,734.0,67579.28,0
BIZ0204,355380.21,10,672.0,59612.17,0
BIZ0205,112233.06,3,711.0,78931.27,0
BIZ0206,156217.5,2,571.0,40802.81,0
BIZ0207,301503.53,6,712.0,41407.3,0
BIZ0208,301378.6,4,762.0,23977.81,0
BIZ0209,301504.77,4,584.0,41420.39,0
BIZ0210,635273.15,8,689.0,69295.4,1
BIZ0211,307089.05,5,650.0,75999.75,1
BIZ0212,363556.56,4,573.0,69206.1,1
BIZ0213,345400.18,7,675.0,14116.16,0
BIZ0214,315139.13,4,692.0,71662.9,0
BIZ0215,218473.08,2,620.0,13229.63,0
BIZ0216,325896.92,2,708.0,67962.35,0
BIZ0217,172717.48,3,567.0,42644.31,0
BIZ0218,226318.14,3,575.0,64050.67,0
BIZ0219,201463.65,8,657.0,23351.03,0
BIZ0220,258187.41,6,651.0,73423.35,1
BIZ0221,481465.86,0,614.0,20700.51,0
BIZ0222,63273.48,8,690.0,36630.9,0
BIZ0223,318626.02,5,677.0,30038.11,0
BIZ0224,88728.41,4,693.0,14914.3,0
BIZ0225,202806.81,5,644.0,51890.55,1
BIZ0226,358895.06,7,680.0,86121.78,0
BIZ0227,256428.0,6,628.0,103338.1,1
BIZ0228,142225.52,3,753.0,51943.12,0
BIZ0229,178469.63,4,609.0,72333.63,0
BIZ0230,317959.77,2,755.0,54641.89,0
BIZ0231,176963.34,4,652.0,59977.66,0
BIZ0232,271645.86,1,581.0,43157.03,0
BIZ0233,254557.18,9,718.0,53901.54,0
BIZ0234,184839.97,3,656.0,60749.57,0
BIZ0235,464394.41,1,693.0,38430.81,0
BIZ0236,313391.9,5,711.0,48450.11,0
BIZ0237,47485.74,4,667.0,48831.4,1
BIZ0238,268645.43,6,620.0,66528.07,0
BIZ0239,183821.35,5,699.0,28679.36,0
BIZ0240,335243.33,8,650.0,48969.16,0
BIZ0241,170747.93,5,684.0,88240.11,1
BIZ0242,238526.36,7,542.0,73281.2,1
BIZ0243,300498.73,4,672.0,76983.58,0
BIZ0244,336575.52,1,618.0,50488.64,0
BIZ0245,129970.36,5,733.0,56419.95,0
BIZ0246,216549.88,4,681.0,70044.72,1
BIZ0247,202505.47,3,662.0,81205.11,1
BIZ0248,184667.08,2,674.0,10967.94,1
BIZ0249,426545.42,12,600.0,23691.17,0
BIZ0250,290498.17,5,731.0,76188.88,0
BIZ0251,123911.6,10,750.0,44462.21,1
BIZ0252,341786.19,6,670.0,36565.58,0
BIZ0253,462215.62,1,730.0,24916.78,0
BIZ0254,353246.53,6,622.0,38899.67,0
BIZ0255,98063.0,2,610.0,21952.61,1
BIZ0256,201576.59,4,652.0,91821.89,0
BIZ0257,376691.11,5,672.0,49551.28,0
BIZ0258,179233.05,8,630.0,48840.99,0
BIZ0259,294381.94,4,677.0,61761.53,0
BIZ0260,327463.41,2,665.0,69246.9,0
BIZ0261,157306.95,1,600.0,68917.76,0
BIZ0262,244047.46,8,676.0,71472.44,0
BIZ0263,-74126.73,8,693.0,37383.09,0
BIZ0264,147561.24,4,659.0,44042.66,1
BIZ0265,224743.18,1,708.0,65380.63,0
BIZ0266,125221.68,9,589.0,39452.22,0
BIZ0267,413241.13,4,673.0,49897.87,1
BIZ0268,106985.86,2,591.0,57975.28,0
BIZ0269,205995.55,4,594.0,65703.7,0
BIZ0270,263074.06,3,618.0,14446.38,0
BIZ0271,394127.33,8,603.0,64294.91,0
BIZ0272,106413.78,9,623.0,45325.52,0
BIZ0273,366316.38,4,639.0,64149.15,0
BIZ0274,251023.31,4,692.0,65538.63,0
BIZ0275,151849.13,5,634.0,82158.3,0
BIZ0276,296210.35,11,571.0,77069.07,0
BIZ0277,269905.97,8,707.0,76931.43,0
BIZ0278,189978.31,6,608.0,78873.41,0
BIZ0279,256980.21,2,647.0,55827.58,0
BIZ0280,211468.64,8,672.0,50643.7,0
BIZ0281,261351.73,7,660.0,67456.34,0
BIZ0282,316213.07,6,705.0,64641.62,0
BIZ0283,408601.68,5,674.0,43818.68,0
BIZ0284,126218.45,3,607.0,58096.47,1
BIZ0285,463303.34,5,759.0,49298.07,1
BIZ0286,54791.22,3,660.0,32921.34,0
BIZ0287,234821.49,3,643.0,75809.21,0
BIZ0288,308831.72,7,698.0,51103.98,0
BIZ0289,278099.19,4,662.0,90974.17,1
BIZ0290,187730.05,4,670.0,17490.15,0
BIZ0291,229187.77,6,775.0,38864.42,0
BIZ0292,200699.91,6,636.0,50652.78,0
BIZ0293,191063.52,3,634.0,72747.62,0
BIZ0294,334960.21,4,656.0,57989.39,1
BIZ0295,285701.55,6,704.0,56209.46,0
BIZ0296,180709.04,6,575.0,27454.72,0
BIZ0297,339959.99,6,552.0,26861.17,0
BIZ0298,280729.95,6,621.0,56450.09,0
BIZ0299,331286.21,3,568.0,22717.88,0
BIZ0300,312962.88,5,629.0,39362.44,0
BIZ0301,167100.5,2,675.0,60018.35,0
BIZ0302,193981.9,5,605.0,30353.51,0
BIZ0303,324729.36,3,579.0,82107.12,0
BIZ0304,311037.03,3,653.0,74478.73,0
BIZ0305,247909.84,5,693.0,18571.6,0
BIZ0306,261732.74,11,565.0,31352.58,0
BIZ0307,377766.49,7,691.0,4284.46,0
BIZ0308,190842.86,7,691.0,34348.17,1
BIZ0309,304709.74,4,698.0,65327.77,1
BIZ0310,229780.73,1,711.0,41722.1,0
BIZ0311,228231.88,4,760.0,59215.94,0
BIZ0312,359877.69,5,632.0,19553.31,0
BIZ0313,332541.63,4,655.0,65959.51,0
BIZ0314,331350.96,4,629.0,38897.82,0
BIZ0315,380547.88,7,650.0,50243.39,1
BIZ0316,252100.38,6,727.0,48142.51,0
BIZ0317,318195.3,8,583.0,24569.03,1
BIZ0318,218973.32,4,607.0,26938.31,0
BIZ0319,282416.64,3,719.0,69355.89,0
BIZ0320,236985.69,0,701.0,57979.84,0
BIZ0321,259699.6,4,632.0,71000.98,0
BIZ0322,309515.7,1,693.0,56493.16,0
BIZ0323,168177.93,4,667.0,52859.81,0
BIZ0324,459238.73,3,725.0,15479.79,0
BIZ0325,149398.26,5,654.0,44592.67,0
BIZ0326,128581.14,6,701.0,49452.31,0
BIZ0327,365811.09,6,782.0,89062.14,0
BIZ0328,329166.27,4,680.0,63739.13,0
BIZ0329,312411.98,4,652.0,80721.22,0
BIZ0330,312834.55,5,686.0,61950.75,0
BIZ0331,248775.32,1,632.0,35773.94,0
BIZ0332,160274.56,9,769.0,52342.48,0
BIZ0333,257580.46,7,659.0,54724.47,0
BIZ0334,182283.83,5,636.0,31216.89,0
BIZ0335,347511.97,4,608.0,42312.25,0
BIZ0336,235294.26,5,705.0,45884.66,0
BIZ0337,167450.28,4,693.0,82112.4,1
BIZ0338,217861.42,1,625.0,8385.19,0
BIZ0339,291293.15,3,679.0,74116.37,0
BIZ0340,193627.54,7,575.0,31264.1,1
BIZ0341,167777.96,6,659.0,22558.42,0
BIZ0342,274368.72,10,673.0,73598.84,1
BIZ0343,274496.66,4,735.0,64637.96,0
BIZ0344,199305.68,5,611.0,75090.37,0
BIZ0345,202896.17,6,586.0,66014.04,1
BIZ0346,273204.99,6,605.0,91196.9,0
BIZ0347,105191.57,8,583.0,61174.48,0
BIZ0348,109253.62,4,717.0,46870.45,0
BIZ0349,178155.58,3,727.0,56858.53,0
BIZ0350,228655.28,3,666.0,74869.38,0
BIZ0351,281090.76,9,711.0,34412.49,0
BIZ0352,397535.62,7,657.0,36962.23,0
BIZ0353,335765.96,2,645.0,43820.8,0
BIZ0354,234006.15,2,633.0,7908.34,0
BIZ0355,248098.38,4,634.0,52761.57,0
BIZ0356,149747.06,6,573.0,12277.43,0
BIZ0357,248148.69,9,663.0,51061.19,1
BIZ0358,221134.14,11,648.0,67305.8,0
BIZ0359,282271.86,4,687.0,40462.47,0
BIZ0360,167276.91,7,655.0,83542.32,0
BIZ0361,301934.65,7,642.0,20789.98,0
BIZ0362,403273.89,3,606.0,73825.21,0
BIZ0363,239123.99,7,654.0,63502.74,1
BIZ0364,290171.17,5,687.0,15679.34,0
BIZ0365,319014.4,2,593.0,104215.89,1
BIZ0366,209877.95,9,654.0,48725.09,0
BIZ0367,272409.25,6,662.0,32450.32,0
BIZ0368,251259.24,3,614.0,21858.26,0
BIZ0369,259767.61,6,621.0,45599.64,0
BIZ0370,172699.02,3,662.0,47451.86,0
BIZ0371,252451.02,2,593.0,52052.91,0
BIZ0372,299799.83,8,667.0,44044.08,0
BIZ0373,395114.36,4,605.0,62664.51,1
BIZ0374,345927.08,5,703.0,42247.4,1
BIZ0375,465318.25,4,767.0,11300.72,0
BIZ0376,173265.24,3,607.0,47012.77,0
BIZ0377,337232.06,4,677.0,2650.45,0
BIZ0378,268334.2,3,614.0,57075.41,0
BIZ0379,468980.29,11,702.0,30414.0,1
BIZ0380,169170.17,6,587.0,53267.21,0
BIZ0381,166027.82,5,674.0,76281.5,0
BIZ0382,190060.74,5,606.0,31025.03,0
BIZ0383,37610.43,5,640.0,71225.13,0
BIZ0384,197424.5,3,598.0,41332.21,0
BIZ0385,174086.73,6,691.0,85063.9,0
BIZ0386,265039.38,4,608.0,42696.95,0
BIZ0387,284175.6,5,678.0,33190.14,0
BIZ0388,437617.08,3,633.0,63744.77,0
BIZ0389,345042.38,7,644.0,41284.21,0
BIZ0390,192309.63,3,657.0,33171.01,0
BIZ0391,160158.53,6,612.0,40443.2,0
BIZ0392,299191.92,7,661.0,49107.87,0
BIZ0393,117976.68,1,727.0,76843.6,0
BIZ0394,433145.88,6,611.0,11318.25,0
BIZ0395,367944.01,4,709.0,50461.61,0
BIZ0396,203082.43,2,725.0,62498.07,0
BIZ0397,78686.55,2,609.0,53868.97,0
BIZ0398,385387.24,5,577.0,76197.3,0
BIZ0399,238546.02,5,665.0,48513.09,0
BIZ0400,373781.63,3,623.0,46308.97,0
BIZ0401,90557.23,5,743.0,61846.59,1
BIZ0402,190062.5,11,652.0,51986.28,1
BIZ0403,250524.37,2,610.0,42191.83,0
BIZ0404,254698.06,6,593.0,60322.88,0
BIZ0405,204993.45,5,704.0,36949.43,0
BIZ0406,312284.99,3,621.0,37776.46,0
BIZ0407,143237.96,4,652.0,39440.12,0
BIZ0408,235762.05,10,698.0,77061.38,1
BIZ0409,262029.56,1,626.0,-14420.33,0
BIZ0410,301443.88,8,648.0,57911.98,1
BIZ0411,321161.49,3,649.0,50685.44,0
BIZ0412,137535.79,5,684.0,16382.59,0
BIZ0413,96588.58,4,680.0,56194.54,0
BIZ0414,377767.68,11,639.0,59515.04,0
BIZ0415,283231.4,3,653.0,61792.78,0
BIZ0416,175151.35,4,631.0,-3036.56,0
BIZ0417,405115.2,3,576.0,77327.79,0
BIZ0418,261567.46,3,663.0,35245.27,0
BIZ0419,367929.72,8,745.0,63731.35,0
BIZ0420,256751.85,1,606.0,64821.48,0
BIZ0421,456074.79,5,611.0,32466.06,0
BIZ0422,425534.08,7,606.0,63209.2,0
BIZ0423,225103.59,3,686.0,42290.14,0
BIZ0424,347157.1,7,672.0,8572.46,0
BIZ0425,314537.59,5,642.0,73354.84,1
BIZ0426,386863.16,7,604.0,34499.1,0
BIZ0427,153507.65,5,655.0,32910.13,0
BIZ0428,318605.15,7,572.0,41938.68,0
BIZ0429,355842.45,5,657.0,55444.73,1
BIZ0430,74126.05,4,694.0,48854.59,0
BIZ0431,131674.15,5,587.0,60961.34,0
BIZ0432,46076.78,11,573.0,23210.21,0
BIZ0433,223059.32,7,729.0,35152.27,0
BIZ0434,321754.23,6,619.0,47680.06,0
BIZ0435,400235.71,3,707.0,87957.75,0
BIZ0436,257409.48,0,642.0,47723.75,0
BIZ0437,412861.55,10,642.0,71704.45,1
BIZ0438,111989.85,5,672.0,50771.1,0
BIZ0439,79661.76,5,606.0,40326.83,0
BIZ0440,244445.23,3,657.0,45065.51,0
BIZ0441,288406.54,4,631.0,46631.61,0
BIZ0442,246730.53,2,584.0,62072.91,0
BIZ0443,43255.79,2,667.0,77492.23,0
BIZ0444,241088.0,7,637.0,57193.62,0
BIZ0445,119553.05,3,642.0,73741.55,0
BIZ0446,316967.25,1,589.0,30704.21,0
BIZ0447,286659.82,3,730.0,41707.39,1
BIZ0448,156012.02,7,694.0,35513.95,0
BIZ0449,198613.31,5,698.0,56288.89,0
BIZ0450,144078.65,5,635.0,42820.83,0
BIZ0451,243732.09,4,564.0,64595.46,0
BIZ0452,345514.23,5,748.0,31379.97,0
BIZ0453,151427.4,5,647.0,50860.62,1
BIZ0454,300404.65,3,613.0,63737.16,0
BIZ0455,196974.24,3,671.0,8693.94,0
BIZ0456,170712.72,6,708.0,92432.63,0
BIZ0457,239296.96,6,649.0,44336.96,0
BIZ0458,146475.77,4,714.0,9499.2,0
BIZ0459,194635.07,9,704.0,53161.88,0
BIZ0460,130212.21,6,596.0,50668.87,1
BIZ0461,446472.51,5,616.0,48362.11,0
BIZ0462,253526.36,5,698.0,69823.82,0
BIZ0463,180027.45,4,514.0,64948.9,1
BIZ0464,271397.99,10,643.0,55957.52,0
BIZ0465,238767.2,6,578.0,59003.11,0
BIZ0466,227903.04,2,626.0,47912.83,0
BIZ0467,311416.67,4,635.0,85509.82,0
BIZ0468,325750.77,3,632.0,20416.08,0
BIZ0469,196949.89,2,622.0,52793.03,1
BIZ0470,192418.18,5,595.0,51300.49,0
BIZ0471,222494.83,6,765.0,66265.61,0
BIZ0472,19807.88,5,743.0,33122.92,0
BIZ0473,98480.89,10,592.0,15126.55,1
BIZ0474,386687.43,5,729.0,53136.46,0
BIZ0475,414496.77,5,630.0,55624.61,0
BIZ0476,225096.4,4,656.0,79791.99,0
BIZ0477,307655.7,4,647.0,24592.76,0
BIZ0478,281125.02,3,617.0,73093.88,1
BIZ0479,557888.08,6,699.0,97348.29,1
BIZ0480,361957.49,4,656.0,42444.7,0
BIZ0481,237208.24,2,626.0,24181.16,0
BIZ0482,154445.96,9,585.0,41860.51,0
BIZ0483,89355.37,5,605.0,50280.1,0
BIZ0484,270346.36,9,568.0,61275.76,0
BIZ0485,174364.93,5,651.0,38172.11,0
BIZ0486,107774.63,5,590.0,81103.97,0
BIZ0487,185342.71,1,637.0,27709.35,1
BIZ0488,141845.2,5,719.0,15215.9,0
BIZ0489,418714.16,8,710.0,72134.21,1
BIZ0490,338163.98,6,648.0,4507.58,0
BIZ0491,249202.74,2,646.0,45917.4,0
BIZ0492,397994.41,5,744.0,112353.62,1
BIZ0493,257736.83,5,676.0,49759.13,0
BIZ0494,163871.58,4,634.0,27584.65,0
BIZ0495,402312.41,6,579.0,48852.05,0
BIZ0496,303891.0,5,670.0,48983.98,0
BIZ0497,146275.38,6,691.0,53213.0,1
BIZ0498,230966.13,5,618.0,63245.26,1
BIZ0499,162438.17,4,665.0,29217.78,0
BIZ0500,111720.03,7,632.0,83750.96,0
BIZ0501,342617.75,5,641.0,54902.29,0
BIZ0502,440941.66,7,526.0,64535.88,0
BIZ0503,110143.24,6,639.0,37437.01,0
BIZ0504,306296.92,4,698.0,75727.64,0
BIZ0505,184935.74,8,618.0,44858.95,0
BIZ0506,201287.46,4,653.0,55551.05,0
BIZ0507,190760.61,3,612.0,31337.88,0
BIZ0508,163600.92,5,668.0,30061.37,0
BIZ0509,254852.16,10,639.0,63764.11,0
BIZ0510,166904.99,6,603.0,41127.86,1
BIZ0511,277045.68,4,717.0,32923.54,1
BIZ0512,244976.19,3,696.0,37136.33,0
BIZ0513,226105.2,3,620.0,63979.06,0
BIZ0514,159243.63,5,675.0,37419.24,1
BIZ0515,192322.87,2,677.0,47646.9,1
BIZ0516,325539.12,6,682.0,50300.56,1
BIZ0517,300091.72,2,565.0,11653.02,0
BIZ0518,152244.48,5,700.0,20577.47,1
BIZ0519,259933.23,2,622.0,56725.56,0
BIZ0520,325138.71,6,632.0,35259.41,0
BIZ0521,83059.47,3,782.0,71134.5,1
BIZ0522,304336.02,5,665.0,69336.14,0
BIZ0523,183737.62,2,631.0,64383.37,1
BIZ0524,307059.87,6,540.0,86395.44,0
BIZ0525,173674.08,6,719.0,48338.21,1
BIZ0526,69511.79,7,583.0,62977.64,0
BIZ0527,87245.76,6,600.0,38311.98,1
BIZ0528,254808.49,6,633.0,99047.4,0
BIZ0529,275972.25,4,721.0,89672.67,0
BIZ0530,159568.34,4,689.0,50237.61,0
BIZ0531,313859.25,7,642.0,57731.72,0
BIZ0532,83847.99,5,665.0,77185.95,0
BIZ0533,243392.02,5,620.0,47057.21,0
BIZ0534,128898.38,8,657.0,36867.52,0
BIZ0535,184816.39,4,654.0,67479.8,0
BIZ0536,254739.87,2,698.0,51568.78,0
BIZ0537,163958.66,3,698.0,53659.89,1
BIZ0538,211544.45,4,675.0,33314.57,0
BIZ0539,350629.28,6,632.0,15646.56,0
BIZ0540,192310.81,9,687.0,54722.85,0
BIZ0541,333569.21,3,645.0,68099.24,0
BIZ0542,137029.31,5,596.0,45483.87,0
BIZ0543,302980.42,3,630.0,78728.59,0
BIZ0544,394156.86,2,654.0,35921.67,1
BIZ0545,2835.55,4,696.0,28905.91,0
BIZ0546,170310.47,9,641.0,48655.39,0
BIZ0547,307707.21,4,590.0,48348.15,0
BIZ0548,229695.46,5,653.0,65399.37,0
BIZ0549,287114.59,8,656.0,34500.74,0
BIZ0550,189601.48,8,659.0,77361.88,0
BIZ0551,258658.98,5,696.0,89338.34,0
BIZ0552,234432.28,3,701.0,49217.12,0
BIZ0553,366778.21,9,620.0,74994.21,0
BIZ0554,275442.08,2,619.0,28870.06,1
BIZ0555,283760.27,8,598.0,71504.43,0
BIZ0556,208812.3,7,685.0,70945.53,0
BIZ0557,201239.38,6,722.0,67268.75,0
BIZ0558,206744.18,9,634.0,49688.74,0
BIZ0559,289445.21,3,638.0,-9084.98,1
BIZ0560,207901.55,6,723.0,37165.46,0
BIZ0561,278977.49,7,675.0,37481.68,0
BIZ0562,457540.08,7,672.0,30434.9,1
BIZ0563,337112.47,5,590.0,52444.86,0
BIZ0564,217397.65,5,684.0,41620.73,0
BIZ0565,370121.39,1,604.0,33507.76,0
BIZ0566,209192.46,7,593.0,28824.0,0
BIZ0567,46187.55,4,633.0,35689.74,0
BIZ0568,149191.37,7,621.0,72429.98,1
BIZ0569,62920.81,5,639.0,36779.5,0
BIZ0570,214848.65,5,578.0,39701.23,0
BIZ0571,251841.84,3,698.0,40866.05,0
BIZ0572,417643.73,5,706.0,56779.87,0
BIZ0573,282692.74,5,553.0,59124.99,0
BIZ0574,228089.95,4,699.0,-10893.13,0
BIZ0575,332940.56,3,609.0,70432.7,1
BIZ0576,28886.47,3,693.0,78727.36,1
BIZ0577,273561.46,5,647.0,28996.27,1
BIZ0578,327086.52,10,651.0,30554.04,1
BIZ0579,102141.38,2,641.0,40994.93,0
BIZ0580,364375.4,5,711.0,34879.92,0
BIZ0581,283849.64,3,588.0,54478.54,0
BIZ0582,208471.21,4,680.0,11069.49,0
BIZ0583,313278.19,6,705.0,27641.45,0
BIZ0584,477069.29,3,686.0,80783.94,0
BIZ0585,268186.63,4,766.0,31435.6,0
BIZ0586,274822.06,4,624.0,74868.57,1
BIZ0587,204063.91,5,698.0,57106.76,0
BIZ0588,165015.56,8,645.0,13814.65,0
BIZ0589,333033.58,5,712.0,62706.58,1
BIZ0590,164391.62,6,650.0,47646.65,0
BIZ0591,257156.62,3,631.0,40890.66,0
BIZ0592,202234.26,4,715.0,54899.14,0
BIZ0593,297897.98,5,625.0,59492.67,0
BIZ0594,283366.21,6,579.0,64151.84,0
BIZ0595,353753.99,7,624.0,73565.06,0
BIZ0596,198998.36,5,681.0,58162.72,0
BIZ0597,223012.51,2,720.0,22487.32,0
BIZ0598,152123.63,6,656.0,40527.09,1
BIZ0599,205570.67,4,716.0,108860.97,1
BIZ0600,287730.05,2,582.0,64489.82,0
BIZ0601,325698.86,4,628.0,97385.75,0
BIZ0602,157783.47,2,636.0,77908.68,1
BIZ0603,336960.59,3,644.0,54836.04,1
BIZ0604,385563.79,4,654.0,56028.14,1
BIZ0605,291343.49,7,685.0,49268.4,1
BIZ0606,437679.58,5,628.0,15243.91,0
BIZ0607,172621.08,5,657.0,50360.95,0
BIZ0608,125534.53,7,648.0,74213.49,0
BIZ0609,72127.98,9,604.0,38007.2,0
BIZ0610,399604.43,7,644.0,58239.06,0
BIZ0611,315436.57,6,643.0,67031.82,0
BIZ0612,244441.53,6,642.0,31806.39,0
BIZ0613,277996.86,9,652.0,40973.94,0
BIZ0614,137451.1,2,654.0,29641.77,0
BIZ0615,494575.2,3,628.0,33556.69,0
BIZ0616,262922.12,9,714.0,24247.89,0
BIZ0617,260939.48,3,592.0,31991.03,0
BIZ0618,322576.66,8,614.0,78389.11,0
BIZ0619,298100.92,5,789.0,31690.46,1
BIZ0620,272388.4,4,598.0,52529.18,0
BIZ0621,170952.55,9,582.0,39942.62,0
BIZ0622,297146.84,2,687.0,73577.32,0
BIZ0623,438202.45,5,546.0,76223.25,0
BIZ0624,384542.0,10,638.0,67281.4,0
BIZ0625,409318.66,5,757.0,56122.69,0
BIZ0626,198878.43,4,573.0,45378.81,0
BIZ0627,151039.52,7,551.0,26162.51,0
BIZ0628,237421.31,3,575.0,88870.58,0
BIZ0629,255572.49,6,695.0,34806.54,1
BIZ0630,359419.15,3,706.0,63272.93,1
BIZ0631,80753.54,3,624.0,71191.31,0
BIZ0632,402955.03,4,684.0,38894.39,0
BIZ0633,234199.21,1,720.0,70760.25,0
BIZ0634,207311.89,2,739.0,65284.26,0
BIZ0635,148789.56,4,638.0,84559.28,0
BIZ0636,84514.33,5,535.0,40613.07,0
BIZ0637,332317.06,8,609.0,24282.72,0
BIZ0638,257331.8,7,629.0,39890.2,0
BIZ0639,121003.91,7,637.0,54177.07,0
BIZ0640,120492.12,2,641.0,51164.25,1
BIZ0641,216421.53,6,706.0,42131.24,0
BIZ0642,416902.15,8,714.0,11816.05,1
BIZ0643,224040.86,6,641.0,59409.66,0
BIZ0644,99685.7,4,705.0,89446.89,1
BIZ0645,225425.69,4,668.0,59285.02,0
BIZ0646,222727.64,4,653.0,62182.71,0
BIZ0647,-19688.66,1,695.0,61448.91,0
BIZ0648,244570.51,6,654.0,57940.93,0
BIZ0649,226906.55,8,753.0,68633.32,1
BIZ0650,319620.64,7,578.0,57907.47,0
BIZ0651,434895.61,7,624.0,43746.46,0
BIZ0652,362656.5,6,644.0,34080.22,0
BIZ0653,223111.13,6,672.0,45020.53,0
BIZ0654,139347.41,4,713.0,56282.59,0
BIZ0655,507335.98,3,649.0,43678.34,0
BIZ0656,255921.84,6,579.0,56286.77,0
BIZ0657,251392.93,3,692.0,58783.0,1
BIZ0658,247587.49,10,688.0,66663.59,1
BIZ0659,269808.48,5,553.0,75655.9,0
BIZ0660,235563.96,6,650.0,51560.15,0
BIZ0661,192633.8,6,570.0,23844.47,0
BIZ0662,195314.11,4,617.0,43097.92,0
BIZ0663,246724.67,6,605.0,50881.25,0
BIZ0664,195657.52,5,690.0,13284.62,1
BIZ0665,178715.42,3,656.0,77773.29,0
BIZ0666,260643.02,2,586.0,52847.56,1
BIZ0667,224502.28,3,694.0,57627.06,1
BIZ0668,400399.3,2,578.0,77310.53,1
BIZ0669,-15096.98,8,667.0,37397.14,0
BIZ0670,359150.69,7,609.0,61480.84,0
BIZ0671,374608.52,4,632.0,47802.72,0
BIZ0672,42660.98,3,675.0,46318.26,0
BIZ0673,215731.24,3,676.0,34556.15,0
BIZ0674,212855.91,6,717.0,83312.06,0
BIZ0675,109248.83,5,646.0,42490.0,0
BIZ0676,172218.33,1,665.0,63989.28,0
BIZ0677,138942.42,8,628.0,12499.85,1
BIZ0678,425227.04,9,659.0,73599.77,1
BIZ0679,343567.84,4,672.0,71044.22,0
BIZ0680,377155.51,7,645.0,51948.68,0
BIZ0681,322167.21,3,560.0,45461.15,0
BIZ0682,137094.82,7,667.0,58000.0,0
BIZ0683,197547.97,5,668.0,95775.81,0
BIZ0684,298937.46,6,616.0,14735.27,0
BIZ0685,127787.22,8,586.0,65640.55,0
BIZ0686,321299.84,2,724.0,31767.65,1
BIZ0687,225967.46,4,675.0,49601.63,0
BIZ0688,212517.92,9,639.0,45042.4,0
BIZ0689,321096.0,4,593.0,41433.63,0
BIZ0690,294426.33,4,609.0,49790.7,0
BIZ0691,213903.38,3,715.0,27316.58,0
BIZ0692,365932.98,4,657.0,70583.61,0
BIZ0693,141893.67,4,622.0,14117.13,0
BIZ0694,311593.56,6,675.0,60795.29,0
BIZ0695,309310.13,7,609.0,43469.28,0
BIZ0696,219045.36,3,725.0,26581.5,0
BIZ0697,282613.3,6,718.0,54047.67,0
BIZ0698,124888.64,8,627.0,18860.98,0
BIZ0699,342402.7,7,619.0,50794.28,0
BIZ0700,231509.79,3,519.0,21542.46,1
BIZ0701,197727.7,4,576.0,59225.44,0
BIZ0702,354900.92,6,583.0,31512.85,1
BIZ0703,179565.63,8,657.0,40980.12,0
BIZ0704,109153.87,3,634.0,55878.99,0
BIZ0705,94337.08,4,583.0,34549.16,0
BIZ0706,310601.0,3,636.0,48840.72,0
BIZ0707,121957.06,8,675.0,19723.39,0
BIZ0708,425479.42,1,676.0,62617.51,0
BIZ0709,41807.06,3,555.0,85298.28,0
BIZ0710,419645.64,7,644.0,105844.18,0
BIZ0711,271101.75,5,581.0,51823.36,0
BIZ0712,240328.69,9,695.0,65764.08,0
BIZ0713,195508.09,5,689.0,14387.49,0
BIZ0714,289913.61,4,605.0,80054.69,0
BIZ0715,246236.53,5,612.0,65524.57,0
BIZ0716,360330.19,7,627.0,40321.33,0
BIZ0717,261422.76,3,537.0,74743.62,0
BIZ0718,265030.18,6,667.0,44910.48,0
BIZ0719,213638.78,7,636.0,40839.5,0
BIZ0720,244305.44,4,699.0,59506.7,0
BIZ0721,280780.18,4,595.0,28732.91,0
BIZ0722,78983.16,4,619.0,70432.5,0
BIZ0723,115181.46,3,575.0,28880.2,0
BIZ0724,324326.41,4,600.0,28998.9,0
BIZ0725,267086.54,2,591.0,31806.2,0
BIZ0726,231601.67,7,700.0,65190.0,0
BIZ0727,251843.39,6,615.0,37664.49,0
BIZ0728,284758.17,7,656.0,23040.08,0
BIZ0729,196024.03,5,631.0,37886.4,0
BIZ0730,172169.53,4,587.0,49359.15,0
BIZ0731,269584.53,5,642.0,26380.55,0
BIZ0732,152162.72,4,680.0,26966.38,0
BIZ0733,290825.28,7,590.0,92225.93,0
BIZ0734,79741.64,5,690.0,32788.69,0
BIZ0735,352915.56,6,608.0,43539.15,0
BIZ0736,297259.75,5,626.0,42655.26,0
BIZ0737,275602.97,2,677.0,41572.86,1
BIZ0738,348269.1,4,617.0,62426.93,0
BIZ0739,416547.44,4,652.0,68962.86,0
BIZ0740,351437.01,6,634.0,43880.91,0
BIZ0741,65912.58,11,656.0,25270.43,0
BIZ0742,122042.3,6,531.0,75488.8,0
BIZ0743,187518.14,8,559.0,48093.18,1
BIZ0744,252609.11,5,681.0,84606.44,0
BIZ0745,301765.9,3,702.0,5088.28,0
BIZ0746,177425.62,5,604.0,53908.06,0
BIZ0747,268676.68,1,638.0,88372.13,1
BIZ0748,174461.71,8,665.0,42934.72,0
BIZ0749,188848.22,6,685.0,45490.13,0
BIZ0750,109333.89,4,549.0,55910.23,0
BIZ0751,157676.68,7,606.0,38824.08,0
BIZ0752,114831.54,1,633.0,43758.56,0
BIZ0753,152412.67,7,685.0,43243.7,0
BIZ0754,355364.18,3,775.0,37451.59,0
BIZ0755,155060.11,9,639.0,74577.13,0
BIZ0756,513238.21,4,580.0,59221.56,0
BIZ0757,299331.79,2,670.0,55012.56,0
BIZ0758,268483.61,4,716.0,66171.42,0
BIZ0759,164164.22,6,655.0,44712.88,1
BIZ0760,320030.99,2,605.0,34515.92,0
BIZ0761,192436.22,1,698.0,37947.51,1
BIZ0762,262200.98,7,683.0,50035.66,1
BIZ0763,506008.45,7,599.0,28815.77,0
BIZ0764,240394.01,6,669.0,39994.78,0
BIZ0765,364927.33,8,700.0,39677.67,0
BIZ0766,179682.36,7,709.0,92491.12,0
BIZ0767,246501.15,5,647.0,-5476.3,0
BIZ0768,427080.06,6,632.0,46407.61,0
BIZ0769,187303.29,6,711.0,84513.88,0
BIZ0770,431244.86,7,589.0,52436.89,0
BIZ0771,320775.19,6,672.0,65068.35,0
BIZ0772,193753.32,3,581.0,51996.53,1
BIZ0773,313240.77,3,703.0,36653.33,0
BIZ0774,347255.44,1,637.0,5161.68,1
BIZ0775,312181.0,5,713.0,54109.11,0
BIZ0776,92977.53,3,675.0,34487.87,1
BIZ0777,177286.28,9,589.0,33993.29,0
BIZ0778,225248.14,8,721.0,40020.25,0
BIZ0779,242556.66,4,728.0,84897.23,0
BIZ0780,312067.21,2,694.0,98096.75,0
BIZ0781,267770.1,3,612.0,54344.16,1
BIZ0782,116465.56,2,635.0,40704.66,0
BIZ0783,288019.79,4,657.0,26455.47,1
BIZ0784,311058.57,4,615.0,59370.8,0
BIZ0785,305979.04,5,735.0,85658.11,0
BIZ0786,358078.07,8,657.0,45053.19,1
BIZ0787,333392.22,6,515.0,2420.08,0
BIZ0788,295918.01,3,667.0,63400.99,0
BIZ0789,242983.43,5,633.0,69707.99,1
BIZ0790,83903.91,6,646.0,18283.09,1
BIZ0791,292961.82,3,632.0,53529.68,1
BIZ0792,270768.77,8,690.0,59024.52,1
BIZ0793,277157.88,8,706.0,48537.85,0
BIZ0794,122325.14,5,664.0,34184.58,1
BIZ0795,141894.35,4,633.0,70318.74,0
BIZ0796,355315.29,2,648.0,41932.41,1
BIZ0797,246044.48,6,651.0,20296.28,0
BIZ0798,318150.07,5,610.0,9010.51,0
BIZ0799,252831.84,6,679.0,75216.99,0
BIZ0800,252975.61,7,673.0,62333.28,0
BIZ0801,343828.38,3,727.0,51759.47,0
BIZ0802,198395.53,9,713.0,41194.51,1
BIZ0803,259612.08,2,616.0,39420.03,0
BIZ0804,203772.47,0,691.0,28485.27,0
BIZ0805,206550.38,6,602.0,41370.89,0
BIZ0806,219082.79,4,685.0,7598.26,0
BIZ0807,272213.38,6,624.0,35278.73,0
BIZ0808,202125.14,4,599.0,43781.25,0
BIZ0809,375575.61,5,664.0,62197.6,1
BIZ0810,160539.27,2,516.0,49201.47,0
BIZ0811,231312.84,5,562.0,65898.46,0
BIZ0812,206026.89,4,641.0,76982.7,0
BIZ0813,394697.79,3,654.0,71163.4,0
BIZ0814,269655.48,5,632.0,59410.2,0
BIZ0815,353184.45,3,571.0,50237.25,0
BIZ0816,101443.96,3,609.0,30384.24,0
BIZ0817,276705.03,4,670.0,64798.88,0
BIZ0818,338963.08,8,679.0,83594.95,1
BIZ0819,258228.4,5,649.0,56842.12,0
BIZ0820,356548.04,4,708.0,88345.18,0
BIZ0821,198271.15,4,670.0,19488.57,0
BIZ0822,390934.74,4,613.0,26916.73,1
BIZ0823,479889.81,4,636.0,67104.03,0
BIZ0824,213716.14,7,580.0,55285.8,1
BIZ0825,205449.75,8,645.0,76275.64,0
BIZ0826,395338.45,7,706.0,49690.57,0
BIZ0827,407957.21,3,684.0,32640.49,0
BIZ0828,197714.0,6,720.0,45728.14,0
BIZ0829,207981.32,6,635.0,19346.32,0
BIZ0830,221821.54,4,717.0,27428.19,0
BIZ0831,115554.95,6,640.0,69448.88,1
BIZ0832,158134.81,9,724.0,67455.75,1
BIZ0833,149585.92,6,649.0,57260.09,0
BIZ0834,173220.24,4,685.0,15578.45,0
BIZ0835,246531.51,6,724.0,42831.93,0
BIZ0836,273421.47,7,640.0,25500.0,0
BIZ0837,405050.05,4,661.0,73530.67,0
BIZ0838,150164.6,3,714.0,38325.56,1
BIZ0839,348432.24,4,643.0,28285.05,1
BIZ0840,228601.12,5,584.0,50595.92,0
BIZ0841,245053.63,3,757.0,37196.91,1
BIZ0842,317481.95,5,627.0,79674.88,0
BIZ0843,137727.8,3,658.0,35303.78,0
BIZ0844,288240.97,5,708.0,22015.43,0
BIZ0845,266645.22,5,620.0,6941.73,0
BIZ0846,299245.13,5,600.0,49384.27,0
BIZ0847,278916.86,6,663.0,38761.4,0
BIZ0848,495530.01,6,560.0,21421.91,0
BIZ0849,186226.0,6,636.0,73784.53,0
BIZ0850,196900.3,5,662.0,63344.9,1
BIZ0851,187685.95,7,637.0,49435.64,0
BIZ0852,194452.29,3,573.0,77286.52,0
BIZ0853,186261.29,5,730.0,63250.72,0
BIZ0854,368901.65,7,655.0,33542.88,0
BIZ0855,392050.42,2,722.0,29215.6,0
BIZ0856,192925.37,8,637.0,66359.63,1
BIZ0857,166764.44,4,606.0,57927.34,0
BIZ0858,297141.56,2,663.0,53394.96,1
BIZ0859,194777.7,5,639.0,33070.04,0
BIZ0860,313293.18,5,591.0,62158.95,0
BIZ0861,270292.3,4,723.0,34890.02,1
BIZ0862,98425.59,6,619.0,47960.27,1
BIZ0863,404750.52,8,558.0,78938.88,1
BIZ0864,429587.77,4,716.0,36783.32,0
BIZ0865,188721.13,3,625.0,18540.21,1
BIZ0866,211229.84,6,620.0,28949.06,1
BIZ0867,278586.54,4,562.0,69885.98,1
BIZ0868,283445.68,2,737.0,55094.62,0
BIZ0869,315854.43,3,586.0,47422.45,0
BIZ0870,451020.45,1,653.0,39818.12,1
BIZ0871,232305.28,9,696.0,59707.2,0
BIZ0872,170170.28,5,671.0,33017.9,0
BIZ0873,112068.08,3,647.0,56113.31,0
BIZ0874,176907.0,4,565.0,35374.91,0
BIZ0875,246687.3,3,610.0,32046.81,0
BIZ0876,429455.79,4,659.0,37250.25,0
BIZ0877,198238.87,6,611.0,42491.85,1
BIZ0878,272378.8,4,660.0,49023.4,0
BIZ0879,248357.71,2,684.0,54709.12,0
BIZ0880,368839.33,6,698.0,-23767.31,0
BIZ0881,502693.24,3,589.0,33846.99,0
BIZ0882,196913.12,6,760.0,42168.6,0
BIZ0883,201056.06,2,688.0,80101.24,0
BIZ0884,354416.09,8,650.0,28399.95,0
BIZ0885,318189.15,3,704.0,53255.93,1
BIZ0886,434670.73,6,768.0,79900.61,0
BIZ0887,308392.82,4,578.0,23740.63,0
BIZ0888,214070.79,5,639.0,57879.5,0
BIZ0889,309065.48,6,531.0,33954.56,0
BIZ0890,360870.36,1,660.0,39907.33,0
BIZ0891,332048.22,5,668.0,33937.78,1
BIZ0892,300727.4,7,648.0,35362.85,0
BIZ0893,356667.47,6,617.0,104438.24,0
BIZ0894,366929.56,6,548.0,66889.12,0
BIZ0895,388215.9,7,669.0,72034.76,0
BIZ0896,314870.99,4,723.0,59839.87,1
BIZ0897,233288.19,3,620.0,17874.86,0
BIZ0898,264671.37,8,672.0,57899.16,0
BIZ0899,370650.9,4,572.0,71458.59,0
BIZ0900,168306.43,5,673.0,32932.01,0
BIZ0901,286867.33,5,630.0,69306.53,0
BIZ0902,210666.12,3,612.0,64086.72,0
BIZ0903,252874.48,9,612.0,87040.8,0
BIZ0904,377845.19,8,630.0,41644.34,0
BIZ0905,269109.91,6,669.0,28047.78,0
BIZ0906,254643.65,3,584.0,42767.44,0
BIZ0907,114014.39,5,630.0,78711.42,1
BIZ0908,324625.36,5,648.0,13431.88,0
BIZ0909,314548.42,5,595.0,8632.49,1
BIZ0910,466325.47,3,740.0,51787.91,0
BIZ0911,219222.18,7,607.0,41148.21,1
BIZ0912,271915.03,3,617.0,50154.56,0
BIZ0913,274938.37,0,601.0,68906.24,0
BIZ0914,407745.33,6,740.0,38948.61,0
BIZ0915,240470.45,6,678.0,12539.88,0
BIZ0916,277902.15,4,603.0,90889.63,0
BIZ0917,310789.65,5,705.0,30055.43,0
BIZ0918,268660.91,9,660.0,28819.26,1
BIZ0919,205356.64,5,663.0,72074.4,0
BIZ0920,269409.0,4,633.0,42310.22,0
BIZ0921,357363.17,3,613.0,48732.2,0
BIZ0922,147348.47,6,667.0,59655.8,0
BIZ0923,263296.97,2,623.0,71671.66,0
BIZ0924,179987.92,6,741.0,43330.79,0
BIZ0925,369504.66,6,587.0,80399.04,0
BIZ0926,97681.31,6,727.0,7284.0,0
BIZ0927,194107.82,5,644.0,65195.74,1
BIZ0928,287721.19,3,665.0,33209.45,0
BIZ0929,406552.4,4,692.0,77445.43,1
BIZ0930,243424.97,4,618.0,52840.89,0
BIZ0931,194480.05,5,693.0,36541.89,0
BIZ0932,438115.71,4,515.0,63256.82,0
BIZ0933,105198.61,4,614.0,67863.77,0
BIZ0934,30119.4,5,604.0,62837.88,0
BIZ0935,294001.45,5,587.0,29406.08,0
BIZ0936,199794.58,5,639.0,40319.66,0
BIZ0937,147876.72,7,669.0,49918.54,0
BIZ0938,320835.64,3,685.0,49174.81,1
BIZ0939,274380.07,2,662.0,64994.91,0
BIZ0940,193592.14,4,617.0,9701.98,0
BIZ0941,121969.56,4,668.0,56686.54,0
BIZ0942,337245.73,6,656.0,44200.37,0
BIZ0943,315020.12,3,697.0,33229.99,0
BIZ0944,240082.41,5,689.0,35150.26,0
BIZ0945,434663.7,5,652.0,45709.25,0
BIZ0946,142991.52,5,605.0,-22021.7,1
BIZ0947,97447.48,5,617.0,35974.21,0
BIZ0948,180809.19,3,623.0,32483.7,0
BIZ0949,245441.4,10,634.0,60655.66,0
BIZ0950,274333.94,5,663.0,33889.47,0
BIZ0951,225876.39,4,686.0,45697.72,0
BIZ0952,285205.54,4,647.0,80845.53,0
BIZ0953,124846.06,7,651.0,69887.03,0
BIZ0954,394376.46,3,657.0,68045.43,0
BIZ0955,241784.88,6,624.0,40002.55,0
BIZ0956,361729.58,2,604.0,60860.65,0
BIZ0957,284272.53,4,562.0,45322.04,0
BIZ0958,295675.32,4,615.0,46078.14,0
BIZ0959,306976.73,4,674.0,58193.71,0
BIZ0960,294770.86,8,615.0,38060.13,0
BIZ0961,314272.28,5,638.0,79860.06,1
BIZ0962,382915.25,8,673.0,46797.4,1
BIZ0963,269652.12,5,676.0,62367.21,0
BIZ0964,320900.38,7,596.0,79112.01,0
BIZ0965,241026.43,8,700.0,70633.08,0
BIZ0966,394011.72,3,706.0,21821.62,0
BIZ0967,182360.77,4,594.0,58897.92,0
BIZ0968,430094.04,6,609.0,67014.39,0
BIZ0969,245984.2,4,710.0,67837.26,0
BIZ0970,106922.49,4,643.0,27734.1,0
BIZ0971,262810.44,6,539.0,36859.3,0
BIZ0972,181894.83,2,580.0,69891.16,0
BIZ0973,334064.35,4,638.0,34764.79,0
BIZ0974,184737.6,2,592.0,44006.08,0
BIZ0975,205381.66,8,629.0,81517.52,0
BIZ0976,61045.93,7,652.0,49044.01,0
BIZ0977,204769.37,2,723.0,35464.52,0
BIZ0978,7612.07,5,635.0,32447.65,0
BIZ0979,91609.72,6,704.0,56654.39,0
BIZ0980,326041.47,7,721.0,23337.04,0
BIZ0981,328580.02,7,722.0,45053.28,0
BIZ0982,292545.76,7,664.0,56664.61,0
BIZ0983,153302.39,6,552.0,75983.0,0
BIZ0984,245228.86,5,673.0,63350.96,0
BIZ0985,249639.75,5,702.0,35718.7,0
BIZ0986,134163.53,8,646.0,73568.39,0
BIZ0987,400339.83,7,737.0,44009.7,0
BIZ0988,337736.23,4,693.0,25285.94,0
BIZ0989,227903.58,5,678.0,46559.17,0
BIZ0990,252688.58,8,704.0,78763.38,0
BIZ0991,270838.28,5,667.0,53304.8,0
BIZ0992,45826.51,2,525.0,50250.44,0
BIZ0993,225282.26,3,625.0,82744.23,0
BIZ0994,181801.58,7,710.0,21372.9,0
BIZ0995,149838.0,3,610.0,24288.02,1
BIZ0996,221889.97,8,639.0,17683.07,0
BIZ0997,429768.65,1,598.0,57452.96,1
BIZ0998,314084.29,5,739.0,53329.86,0
BIZ0999,192882.1,3,734.0,80854.73,0
BIZ1000,307258.28,5,606.0,54869.5,0
