Date,ProductID,Demand,LeadTimeDays,CurrentStock,UnitPrice
2024-01-01,P001,36,6,302,50.12
2024-01-02,P001,33,6,299,22.86
2024-01-03,P001,46,9,493,10.07
2024-01-04,P001,45,2,248,57.23
2024-01-05,P001,41,5,470,51.05
2024-01-06,P001,49,8,443,63.32
2024-01-07,P001,36,5,288,96.91
2024-01-08,P001,50,6,585,71.58
2024-01-09,P001,42,6,463,13.09
2024-01-10,P001,53,9,587,38.05
2024-01-11,P001,43,7,390,85.81
2024-01-12,P001,42,5,469,75.45
2024-01-13,P001,39,5,389,39.28
2024-01-14,P001,41,6,479,42.11
2024-01-15,P001,39,2,356,82.2
2024-01-16,P001,49,9,262,83.39
2024-01-17,P001,47,2,578,16.66
2024-01-18,P001,40,8,400,66.1
2024-01-19,P001,40,8,261,39.27
2024-01-20,P001,48,4,234,52.5
2024-01-21,P001,34,2,204,60.51
2024-01-22,P001,49,2,406,48.48
2024-01-23,P001,39,7,430,46.93
2024-01-24,P001,48,9,526,36.08
2024-01-25,P001,50,7,483,82.33
2024-01-26,P001,44,5,430,91.61
2024-01-27,P001,38,2,315,41.73
2024-01-28,P001,39,4,336,53.63
2024-01-29,P001,47,9,514,39.09
2024-01-30,P001,43,2,517,97.46
2024-01-31,P001,60,3,586,37.08
2024-02-01,P001,39,2,201,55.24
2024-02-02,P001,29,2,584,31.56
2024-02-03,P001,35,9,397,31.78
2024-02-04,P001,46,4,454,82.28
2024-02-05,P001,41,9,296,23.56
2024-02-06,P001,43,4,347,39.34
2024-02-07,P001,37,8,346,41.38
2024-02-08,P001,33,9,327,56.6
2024-02-09,P001,50,2,350,58.73
2024-02-10,P001,47,9,545,98.4
2024-02-11,P001,43,2,503,96.89
2024-02-12,P001,44,8,208,35.1
2024-02-13,P001,47,5,351,46.41
2024-02-14,P001,52,2,303,64.58
2024-02-15,P001,46,9,565,59.39
2024-02-16,P001,47,2,360,11.63
2024-02-17,P001,43,9,583,76.98
2024-02-18,P001,47,9,570,67.27
2024-02-19,P001,38,7,564,53.81
2024-02-20,P001,53,6,485,68.06
2024-02-21,P001,46,5,516,54.93
2024-02-22,P001,44,9,216,99.51
2024-02-23,P001,42,7,298,77.29
2024-02-24,P001,58,7,380,61.51
2024-02-25,P001,39,2,455,53.68
2024-02-26,P001,40,7,257,93.7
2024-02-27,P001,31,8,541,42.28
2024-02-28,P001,38,3,472,86.38
2024-02-29,P001,35,8,369,82.84
2024-03-01,P001,54,2,235,81.85
2024-03-02,P001,46,9,341,90.1
2024-03-03,P001,40,3,487,62.05
2024-03-04,P001,44,3,257,12.75
2024-03-05,P001,40,2,463,79.3
2024-03-06,P001,37,5,461,14.65
2024-03-07,P001,44,8,507,21.95
2024-03-08,P001,42,3,428,26.59
2024-03-09,P001,32,5,328,25.6
2024-03-10,P001,35,7,317,74.31
2024-03-11,P001,46,9,388,76.41
2024-03-12,P001,44,8,275,60.94
2024-03-13,P001,35,6,419,14.14
2024-03-14,P001,47,3,540,52.61
2024-03-15,P001,36,8,449,65.43
2024-03-16,P001,46,8,593,66.33
2024-03-17,P001,43,6,203,65.43
2024-03-18,P001,51,5,351,70.95
2024-03-19,P001,44,6,378,83.86
2024-03-20,P001,45,9,529,28.6
2024-03-21,P001,38,7,585,13.51
2024-03-22,P001,45,3,463,44.69
2024-03-23,P001,47,4,304,54.64
2024-03-24,P001,47,4,575,76.16
2024-03-25,P001,49,3,556,77.56
2024-03-26,P001,41,8,295,40.67
2024-03-27,P001,55,2,382,77.58
2024-03-28,P001,48,2,568,55.47
2024-03-29,P001,50,4,218,45.03
2024-03-30,P001,32,7,422,95.55
2024-01-01,P002,33,6,298,64.22
2024-01-02,P002,34,6,350,80.32
2024-01-03,P002,34,8,275,71.92
2024-01-04,P002,40,9,369,45.7
2024-01-05,P002,41,6,364,30.99
2024-01-06,P002,34,7,344,95.25
2024-01-07,P002,31,6,563,60.26
2024-01-08,P002,32,8,325,54.34
2024-01-09,P002,21,6,582,68.43
2024-01-10,P002,37,7,390,52.99
2024-01-11,P002,23,6,333,82.19
2024-01-12,P002,30,6,402,92.72
2024-01-13,P002,28,2,246,66.65
2024-01-14,P002,36,6,253,62.59
2024-01-15,P002,42,5,529,95.54
2024-01-16,P002,41,5,572,34.96
2024-01-17,P002,27,3,515,62.53
2024-01-18,P002,34,5,419,34.39
2024-01-19,P002,25,7,281,47.5
2024-01-20,P002,34,3,511,88.9
2024-01-21,P002,34,9,488,79.98
2024-01-22,P002,31,2,541,84.62
2024-01-23,P002,34,2,298,22.05
2024-01-24,P002,36,6,557,92.18
2024-01-25,P002,34,3,282,32.26
2024-01-26,P002,32,4,372,64.56
2024-01-27,P002,28,9,233,42.23
2024-01-28,P002,25,3,317,84.82
2024-01-29,P002,30,5,588,17.96
2024-01-30,P002,38,8,502,47.85
2024-01-31,P002,38,4,302,22.27
2024-02-01,P002,34,4,507,59.27
2024-02-02,P002,32,7,446,57.12
2024-02-03,P002,36,3,383,85.79
2024-02-04,P002,38,6,233,65.87
2024-02-05,P002,30,4,439,40.74
2024-02-06,P002,34,9,294,46.03
2024-02-07,P002,36,5,383,47.05
2024-02-08,P002,41,9,260,27.31
2024-02-09,P002,19,5,369,25.93
2024-02-10,P002,24,2,211,28.57
2024-02-11,P002,31,6,272,18.31
2024-02-12,P002,33,9,549,24.13
2024-02-13,P002,31,5,456,17.61
2024-02-14,P002,34,7,227,43.2
2024-02-15,P002,32,7,386,32.72
2024-02-16,P002,33,6,473,50.27
2024-02-17,P002,33,2,318,43.96
2024-02-18,P002,28,5,224,90.15
2024-02-19,P002,35,4,432,54.86
2024-02-20,P002,23,3,310,77.09
2024-02-21,P002,32,2,300,42.68
2024-02-22,P002,35,9,514,98.79
2024-02-23,P002,35,7,476,23.76
2024-02-24,P002,28,4,517,82.53
2024-02-25,P002,20,6,235,99.75
2024-02-26,P002,42,4,203,10.48
2024-02-27,P002,37,3,534,58.15
2024-02-28,P002,33,6,525,97.12
2024-02-29,P002,37,5,312,57.69
2024-03-01,P002,37,7,492,55.55
2024-03-02,P002,44,4,360,43.23
2024-03-03,P002,32,3,371,28.16
2024-03-04,P002,36,8,300,10.24
2024-03-05,P002,25,7,293,19.6
2024-03-06,P002,40,3,533,93.96
2024-03-07,P002,31,9,259,85.76
2024-03-08,P002,26,7,515,24.73
2024-03-09,P002,36,5,288,88.95
2024-03-10,P002,31,8,303,43.92
2024-03-11,P002,32,8,262,55.24
2024-03-12,P002,31,9,303,66.18
2024-03-13,P002,35,9,214,89.08
2024-03-14,P002,33,4,356,23.65
2024-03-15,P002,30,8,488,13.02
2024-03-16,P002,34,4,529,40.79
2024-03-17,P002,39,5,564,21.47
2024-03-18,P002,31,6,356,30.63
2024-03-19,P002,37,8,314,72.46
2024-03-20,P002,34,6,347,26.34
2024-03-21,P002,42,9,222,51.58
2024-03-22,P002,45,6,303,55.53
2024-03-23,P002,35,5,370,93.89
2024-03-24,P002,34,9,492,73.65
2024-03-25,P002,26,3,592,48.17
2024-03-26,P002,43,7,300,98.64
2024-03-27,P002,40,2,200,88.29
2024-03-28,P002,33,6,508,40.17
2024-03-29,P002,39,2,490,45.84
2024-03-30,P002,34,3,590,41.23
2024-01-01,P003,60,4,563,92.15
2024-01-02,P003,42,5,397,13.05
2024-01-03,P003,44,4,349,29.81
2024-01-04,P003,42,2,283,51.31
2024-01-05,P003,49,8,388,26.6
2024-01-06,P003,44,7,414,48.41
2024-01-07,P003,55,7,484,66.25
2024-01-08,P003,45,4,217,36.46
2024-01-09,P003,52,7,312,46.07
2024-01-10,P003,49,2,463,87.56
2024-01-11,P003,63,3,565,57.39
2024-01-12,P003,46,4,454,11.77
2024-01-13,P003,38,4,250,68.75
2024-01-14,P003,42,9,287,75.0
2024-01-15,P003,56,5,364,22.7
2024-01-16,P003,46,3,206,66.99
2024-01-17,P003,53,9,580,88.88
2024-01-18,P003,51,2,502,66.23
2024-01-19,P003,45,4,318,34.13
2024-01-20,P003,50,7,592,49.25
2024-01-21,P003,44,7,563,22.61
2024-01-22,P003,57,7,414,81.99
2024-01-23,P003,46,7,208,58.75
2024-01-24,P003,51,7,477,85.14
2024-01-25,P003,40,4,525,92.29
2024-01-26,P003,38,7,233,59.88
2024-01-27,P003,51,8,316,10.99
2024-01-28,P003,57,5,436,69.85
2024-01-29,P003,46,3,245,14.23
2024-01-30,P003,40,4,380,64.28
2024-01-31,P003,42,9,210,42.01
2024-02-01,P003,53,4,509,52.84
2024-02-02,P003,53,5,438,33.6
2024-02-03,P003,50,7,564,23.92
2024-02-04,P003,50,2,400,41.64
2024-02-05,P003,46,9,241,51.37
2024-02-06,P003,36,5,371,97.09
2024-02-07,P003,44,2,216,95.52
2024-02-08,P003,47,7,279,88.57
2024-02-09,P003,53,8,573,67.35
2024-02-10,P003,51,2,564,70.29
2024-02-11,P003,47,8,316,75.79
2024-02-12,P003,41,4,414,81.58
2024-02-13,P003,53,4,302,13.33
2024-02-14,P003,50,5,500,16.93
2024-02-15,P003,52,8,563,61.52
2024-02-16,P003,55,7,596,66.33
2024-02-17,P003,58,7,510,51.57
2024-02-18,P003,41,9,426,16.3
2024-02-19,P003,37,5,384,62.27
2024-02-20,P003,43,7,558,57.03
2024-02-21,P003,53,6,341,36.73
2024-02-22,P003,56,6,352,34.95
2024-02-23,P003,59,8,504,45.25
2024-02-24,P003,55,5,397,98.41
2024-02-25,P003,58,7,532,99.03
2024-02-26,P003,53,9,347,85.4
2024-02-27,P003,42,7,529,14.23
2024-02-28,P003,46,3,458,84.36
2024-02-29,P003,55,8,376,56.64
2024-03-01,P003,50,4,377,54.21
2024-03-02,P003,47,6,288,63.36
2024-03-03,P003,50,2,522,34.57
2024-03-04,P003,47,3,531,13.19
2024-03-05,P003,44,4,425,46.76
2024-03-06,P003,45,6,375,54.63
2024-03-07,P003,36,6,483,16.85
2024-03-08,P003,56,9,517,63.32
2024-03-09,P003,55,3,239,60.92
2024-03-10,P003,43,4,535,69.26
2024-03-11,P003,52,2,380,71.21
2024-03-12,P003,50,8,332,89.28
2024-03-13,P003,57,8,593,83.8
2024-03-14,P003,54,3,423,17.57
2024-03-15,P003,44,9,422,43.9
2024-03-16,P003,39,8,273,48.9
2024-03-17,P003,56,8,421,77.83
2024-03-18,P003,54,5,441,95.26
2024-03-19,P003,40,2,593,52.62
2024-03-20,P003,34,3,505,99.11
2024-03-21,P003,52,4,426,63.5
2024-03-22,P003,46,2,333,43.47
2024-03-23,P003,55,8,225,24.3
2024-03-24,P003,47,4,596,86.88
2024-03-25,P003,48,4,571,85.6
2024-03-26,P003,54,4,226,88.12
2024-03-27,P003,67,6,220,91.86
2024-03-28,P003,54,4,456,38.87
2024-03-29,P003,53,4,519,88.13
2024-03-30,P003,52,5,407,58.89
2024-01-01,P004,47,8,226,86.03
2024-01-02,P004,44,9,380,92.07
2024-01-03,P004,57,8,352,10.11
2024-01-04,P004,41,5,427,60.26
2024-01-05,P004,33,7,316,63.12
2024-01-06,P004,31,7,519,45.6
2024-01-07,P004,42,5,301,91.7
2024-01-08,P004,43,2,275,98.8
2024-01-09,P004,31,7,291,73.22
2024-01-10,P004,40,5,552,56.59
2024-01-11,P004,29,2,276,17.07
2024-01-12,P004,37,8,289,72.05
2024-01-13,P004,45,8,504,95.64
2024-01-14,P004,41,8,240,73.82
2024-01-15,P004,47,7,283,40.55
2024-01-16,P004,45,5,407,59.28
2024-01-17,P004,45,4,326,57.38
2024-01-18,P004,43,7,211,32.24
2024-01-19,P004,32,3,346,97.83
2024-01-20,P004,36,8,508,69.28
2024-01-21,P004,39,3,410,30.56
2024-01-22,P004,42,4,292,47.66
2024-01-23,P004,33,2,549,96.47
2024-01-24,P004,37,6,203,76.18
2024-01-25,P004,44,3,376,56.26
2024-01-26,P004,41,3,427,88.61
2024-01-27,P004,49,3,442,63.31
2024-01-28,P004,49,6,217,66.84
2024-01-29,P004,43,9,299,91.81
2024-01-30,P004,32,7,201,26.29
2024-01-31,P004,47,7,515,46.45
2024-02-01,P004,41,5,329,18.57
2024-02-02,P004,42,5,265,87.22
2024-02-03,P004,41,8,502,31.12
2024-02-04,P004,48,9,292,40.33
2024-02-05,P004,46,5,463,65.54
2024-02-06,P004,43,5,483,13.3
2024-02-07,P004,44,6,504,85.98
2024-02-08,P004,45,8,589,28.53
2024-02-09,P004,30,3,492,94.29
2024-02-10,P004,23,7,444,17.97
2024-02-11,P004,30,5,475,98.8
2024-02-12,P004,56,3,416,67.52
2024-02-13,P004,47,8,377,40.84
2024-02-14,P004,40,7,500,22.92
2024-02-15,P004,51,9,540,18.45
2024-02-16,P004,42,6,285,32.98
2024-02-17,P004,37,3,344,84.78
2024-02-18,P004,47,4,527,81.6
2024-02-19,P004,50,8,341,45.45
2024-02-20,P004,42,5,391,14.34
2024-02-21,P004,47,6,358,76.46
2024-02-22,P004,47,7,331,70.08
2024-02-23,P004,45,2,478,49.2
2024-02-24,P004,45,7,288,39.55
2024-02-25,P004,41,8,515,59.36
2024-02-26,P004,41,4,301,16.59
2024-02-27,P004,41,3,464,44.18
2024-02-28,P004,47,7,316,83.24
2024-02-29,P004,30,9,492,32.15
2024-03-01,P004,39,8,525,77.22
2024-03-02,P004,43,6,306,10.68
2024-03-03,P004,36,6,572,35.64
2024-03-04,P004,35,4,335,38.02
2024-03-05,P004,41,2,276,47.22
2024-03-06,P004,30,8,307,26.33
2024-03-07,P004,39,9,440,61.06
2024-03-08,P004,39,2,371,13.91
2024-03-09,P004,41,7,419,30.53
2024-03-10,P004,33,3,320,85.59
2024-03-11,P004,48,3,546,80.25
2024-03-12,P004,35,5,366,70.08
2024-03-13,P004,29,2,441,23.77
2024-03-14,P004,34,2,318,58.18
2024-03-15,P004,32,4,359,67.42
2024-03-16,P004,34,2,453,22.76
2024-03-17,P004,35,3,522,49.84
2024-03-18,P004,38,4,479,21.56
2024-03-19,P004,30,3,487,34.67
2024-03-20,P004,28,2,363,27.27
2024-03-21,P004,36,2,395,49.82
2024-03-22,P004,46,5,226,67.62
2024-03-23,P004,34,4,499,39.19
2024-03-24,P004,36,8,371,69.57
2024-03-25,P004,40,7,315,15.41
2024-03-26,P004,32,2,510,58.22
2024-03-27,P004,29,9,211,41.28
2024-03-28,P004,42,9,229,31.12
2024-03-29,P004,37,6,559,79.17
2024-03-30,P004,34,5,430,87.82
2024-01-01,P005,30,6,341,20.59
2024-01-02,P005,25,2,540,41.17
2024-01-03,P005,25,4,379,35.17
2024-01-04,P005,41,7,342,99.29
2024-01-05,P005,37,8,248,20.47
2024-01-06,P005,36,9,357,74.93
2024-01-07,P005,23,7,272,39.03
2024-01-08,P005,31,3,480,53.14
2024-01-09,P005,27,2,309,90.84
2024-01-10,P005,36,4,589,23.17
2024-01-11,P005,28,3,224,30.93
2024-01-12,P005,22,8,533,88.85
2024-01-13,P005,26,9,548,11.59
2024-01-14,P005,32,8,204,80.27
2024-01-15,P005,29,4,377,15.2
2024-01-16,P005,25,2,355,37.29
2024-01-17,P005,22,5,296,55.85
2024-01-18,P005,32,5,323,86.32
2024-01-19,P005,34,8,261,68.87
2024-01-20,P005,28,7,213,25.92
2024-01-21,P005,28,8,585,22.04
2024-01-22,P005,29,6,337,71.29
2024-01-23,P005,24,6,412,85.09
2024-01-24,P005,32,6,372,13.84
2024-01-25,P005,28,4,390,54.94
2024-01-26,P005,26,7,395,87.82
2024-01-27,P005,25,4,432,65.27
2024-01-28,P005,37,3,596,21.98
2024-01-29,P005,22,2,328,82.8
2024-01-30,P005,20,3,513,32.78
2024-01-31,P005,30,7,399,30.43
2024-02-01,P005,38,6,268,76.37
2024-02-02,P005,30,6,399,17.63
2024-02-03,P005,34,9,351,13.2
2024-02-04,P005,30,8,565,99.24
2024-02-05,P005,35,3,460,59.47
2024-02-06,P005,36,3,237,17.44
2024-02-07,P005,30,9,455,30.51
2024-02-08,P005,26,2,577,53.04
2024-02-09,P005,38,5,339,52.69
2024-02-10,P005,22,9,550,56.87
2024-02-11,P005,32,3,470,19.97
2024-02-12,P005,32,9,514,59.51
2024-02-13,P005,28,5,412,70.84
2024-02-14,P005,30,6,321,83.44
2024-02-15,P005,39,6,348,98.06
2024-02-16,P005,34,8,435,14.85
2024-02-17,P005,27,2,221,58.56
2024-02-18,P005,34,6,482,96.86
2024-02-19,P005,30,5,477,58.8
2024-02-20,P005,31,8,317,60.85
2024-02-21,P005,33,8,480,78.5
2024-02-22,P005,24,9,271,32.2
2024-02-23,P005,22,3,553,28.36
2024-02-24,P005,31,8,418,26.92
2024-02-25,P005,28,5,285,86.32
2024-02-26,P005,34,9,442,85.78
2024-02-27,P005,29,3,331,44.68
2024-02-28,P005,32,7,426,22.4
2024-02-29,P005,33,8,401,65.76
2024-03-01,P005,28,5,472,62.94
2024-03-02,P005,30,9,428,62.2
2024-03-03,P005,31,7,223,70.88
2024-03-04,P005,35,5,504,67.28
2024-03-05,P005,23,5,229,98.38
2024-03-06,P005,25,4,372,23.27
2024-03-07,P005,27,3,518,29.86
2024-03-08,P005,32,4,512,93.98
2024-03-09,P005,32,5,347,80.71
2024-03-10,P005,22,7,323,44.54
2024-03-11,P005,31,2,260,98.17
2024-03-12,P005,24,7,453,62.78
2024-03-13,P005,35,4,501,30.3
2024-03-14,P005,28,5,248,49.17
2024-03-15,P005,41,3,459,14.49
2024-03-16,P005,38,9,512,10.63
2024-03-17,P005,19,5,387,45.9
2024-03-18,P005,40,6,563,14.01
2024-03-19,P005,26,3,535,43.41
2024-03-20,P005,29,7,243,24.07
2024-03-21,P005,37,3,449,60.58
2024-03-22,P005,27,4,206,17.78
2024-03-23,P005,25,4,347,21.52
2024-03-24,P005,38,3,575,33.41
2024-03-25,P005,26,3,504,51.75
2024-03-26,P005,27,3,316,30.28
2024-03-27,P005,26,8,488,57.11
2024-03-28,P005,34,7,376,58.92
2024-03-29,P005,21,2,529,24.92
2024-03-30,P005,33,9,324,77.44
2024-01-01,P006,16,5,258,51.33
2024-01-02,P006,21,5,353,39.72
2024-01-03,P006,30,9,431,89.0
2024-01-04,P006,22,3,483,79.48
2024-01-05,P006,25,2,241,54.8
2024-01-06,P006,18,2,578,44.24
2024-01-07,P006,21,9,496,61.98
2024-01-08,P006,28,8,598,92.36
2024-01-09,P006,26,5,467,24.94
2024-01-10,P006,28,4,313,25.2
2024-01-11,P006,26,8,207,90.46
2024-01-12,P006,28,5,565,17.51
2024-01-13,P006,33,7,574,97.04
2024-01-14,P006,29,5,301,98.18
2024-01-15,P006,28,6,224,18.37
2024-01-16,P006,21,4,388,40.32
2024-01-17,P006,23,7,410,78.36
2024-01-18,P006,28,9,425,83.73
2024-01-19,P006,33,9,476,20.16
2024-01-20,P006,18,4,379,91.48
2024-01-21,P006,30,4,478,65.88
2024-01-22,P006,24,4,549,98.12
2024-01-23,P006,28,9,265,38.34
2024-01-24,P006,20,2,446,35.13
2024-01-25,P006,28,2,502,37.48
2024-01-26,P006,21,6,501,78.33
2024-01-27,P006,34,2,554,15.32
2024-01-28,P006,34,7,450,10.02
2024-01-29,P006,20,7,237,30.41
2024-01-30,P006,24,4,229,82.21
2024-01-31,P006,26,9,543,12.45
2024-02-01,P006,40,2,282,97.55
2024-02-02,P006,28,5,574,57.94
2024-02-03,P006,28,9,516,16.15
2024-02-04,P006,22,2,575,35.54
2024-02-05,P006,31,2,533,76.89
2024-02-06,P006,32,7,285,90.31
2024-02-07,P006,21,6,261,81.51
2024-02-08,P006,26,5,556,63.91
2024-02-09,P006,19,6,592,70.23
2024-02-10,P006,27,8,531,91.96
2024-02-11,P006,25,4,225,24.83
2024-02-12,P006,25,4,331,70.88
2024-02-13,P006,19,5,266,68.7
2024-02-14,P006,37,8,560,55.56
2024-02-15,P006,28,2,409,42.57
2024-02-16,P006,26,9,579,52.27
2024-02-17,P006,25,4,341,64.97
2024-02-18,P006,22,6,388,10.5
2024-02-19,P006,12,3,494,82.23
2024-02-20,P006,27,4,509,93.86
2024-02-21,P006,24,2,216,20.25
2024-02-22,P006,24,2,238,54.42
2024-02-23,P006,19,2,367,47.96
2024-02-24,P006,25,6,308,64.71
2024-02-25,P006,23,8,449,74.93
2024-02-26,P006,32,7,414,13.65
2024-02-27,P006,33,5,360,51.06
2024-02-28,P006,24,5,283,91.03
2024-02-29,P006,24,2,457,70.17
2024-03-01,P006,29,4,465,55.19
2024-03-02,P006,19,8,227,25.47
2024-03-03,P006,28,6,365,84.61
2024-03-04,P006,29,4,520,17.6
2024-03-05,P006,24,7,248,29.44
2024-03-06,P006,25,7,483,44.87
2024-03-07,P006,32,6,574,58.83
2024-03-08,P006,32,5,553,44.58
2024-03-09,P006,25,2,262,18.9
2024-03-10,P006,33,4,512,12.47
2024-03-11,P006,24,3,355,48.75
2024-03-12,P006,20,2,246,23.9
2024-03-13,P006,28,8,325,63.64
2024-03-14,P006,26,9,403,60.37
2024-03-15,P006,18,3,524,30.56
2024-03-16,P006,19,7,562,44.92
2024-03-17,P006,20,4,324,51.27
2024-03-18,P006,23,6,236,96.03
2024-03-19,P006,23,5,473,84.4
2024-03-20,P006,39,6,423,40.63
2024-03-21,P006,27,2,596,58.75
2024-03-22,P006,25,9,308,27.52
2024-03-23,P006,15,5,220,96.98
2024-03-24,P006,27,5,479,99.97
2024-03-25,P006,20,5,472,76.11
2024-03-26,P006,23,9,449,51.53
2024-03-27,P006,30,6,344,73.98
2024-03-28,P006,34,4,316,63.92
2024-03-29,P006,24,7,348,77.13
2024-03-30,P006,27,9,219,52.01
2024-01-01,P007,26,5,551,54.27
2024-01-02,P007,23,4,415,49.71
2024-01-03,P007,24,6,418,46.68
2024-01-04,P007,21,5,536,67.62
2024-01-05,P007,23,8,493,33.04
2024-01-06,P007,21,3,221,71.89
2024-01-07,P007,29,3,519,36.95
2024-01-08,P007,24,9,234,28.96
2024-01-09,P007,38,4,569,70.91
2024-01-10,P007,32,8,266,76.41
2024-01-11,P007,20,6,387,69.27
2024-01-12,P007,28,2,489,16.99
2024-01-13,P007,25,7,274,41.39
2024-01-14,P007,19,6,489,10.55
2024-01-15,P007,29,3,433,31.8
2024-01-16,P007,26,3,212,70.02
2024-01-17,P007,24,9,581,33.96
2024-01-18,P007,32,7,468,64.31
2024-01-19,P007,24,7,230,89.98
2024-01-20,P007,26,3,253,16.46
2024-01-21,P007,29,5,565,84.03
2024-01-22,P007,31,8,459,22.86
2024-01-23,P007,30,8,489,22.04
2024-01-24,P007,28,5,248,38.58
2024-01-25,P007,14,7,408,15.64
2024-01-26,P007,32,6,576,17.44
2024-01-27,P007,35,4,346,60.85
2024-01-28,P007,33,3,598,94.87
2024-01-29,P007,25,9,378,18.04
2024-01-30,P007,29,2,515,66.94
2024-01-31,P007,29,8,412,74.17
2024-02-01,P007,29,6,539,80.36
2024-02-02,P007,28,6,503,44.66
2024-02-03,P007,33,9,345,67.1
2024-02-04,P007,30,8,212,47.49
2024-02-05,P007,21,4,509,89.21
2024-02-06,P007,21,6,436,36.58
2024-02-07,P007,19,3,202,38.41
2024-02-08,P007,28,9,509,27.93
2024-02-09,P007,33,4,212,15.23
2024-02-10,P007,19,5,502,85.19
2024-02-11,P007,23,5,597,47.23
2024-02-12,P007,26,2,467,63.56
2024-02-13,P007,29,5,471,79.56
2024-02-14,P007,19,4,374,82.64
2024-02-15,P007,19,9,423,36.4
2024-02-16,P007,30,5,512,43.46
2024-02-17,P007,32,4,463,80.49
2024-02-18,P007,31,7,258,37.26
2024-02-19,P007,16,3,425,53.57
2024-02-20,P007,30,3,203,96.2
2024-02-21,P007,36,9,530,96.65
2024-02-22,P007,17,4,289,27.62
2024-02-23,P007,20,3,500,34.86
2024-02-24,P007,34,4,520,41.07
2024-02-25,P007,35,5,256,90.11
2024-02-26,P007,29,2,569,10.71
2024-02-27,P007,28,7,360,96.21
2024-02-28,P007,26,6,321,71.17
2024-02-29,P007,17,7,409,59.22
2024-03-01,P007,20,4,205,50.1
2024-03-02,P007,21,2,408,98.31
2024-03-03,P007,22,4,510,29.26
2024-03-04,P007,24,4,444,95.76
2024-03-05,P007,40,3,207,79.58
2024-03-06,P007,23,4,238,80.32
2024-03-07,P007,32,6,273,80.6
2024-03-08,P007,24,8,370,14.15
2024-03-09,P007,31,8,290,32.84
2024-03-10,P007,22,5,340,10.04
2024-03-11,P007,34,8,354,95.94
2024-03-12,P007,26,8,440,67.19
2024-03-13,P007,18,4,312,49.99
2024-03-14,P007,22,6,315,44.77
2024-03-15,P007,27,2,313,91.2
2024-03-16,P007,30,2,477,88.01
2024-03-17,P007,27,4,348,56.5
2024-03-18,P007,30,5,398,90.47
2024-03-19,P007,25,3,283,54.78
2024-03-20,P007,21,2,567,39.84
2024-03-21,P007,32,2,523,36.57
2024-03-22,P007,33,8,479,84.41
2024-03-23,P007,30,5,522,56.41
2024-03-24,P007,25,5,478,93.79
2024-03-25,P007,24,2,512,63.14
2024-03-26,P007,16,2,337,28.05
2024-03-27,P007,21,5,202,89.45
2024-03-28,P007,15,5,237,75.86
2024-03-29,P007,28,6,542,64.87
2024-03-30,P007,22,2,581,40.33
2024-01-01,P008,34,6,440,44.26
2024-01-02,P008,29,9,361,80.26
2024-01-03,P008,17,5,247,36.69
2024-01-04,P008,34,7,440,56.25
2024-01-05,P008,30,2,582,84.48
2024-01-06,P008,33,4,397,92.89
2024-01-07,P008,33,7,512,34.67
2024-01-08,P008,35,6,269,40.2
2024-01-09,P008,33,8,308,95.24
2024-01-10,P008,30,8,299,80.76
2024-01-11,P008,34,4,242,85.51
2024-01-12,P008,25,4,589,59.18
2024-01-13,P008,46,2,482,53.4
2024-01-14,P008,35,5,350,38.49
2024-01-15,P008,36,9,206,38.16
2024-01-16,P008,26,2,312,11.78
2024-01-17,P008,28,5,589,40.06
2024-01-18,P008,34,7,575,80.54
2024-01-19,P008,26,4,413,39.92
2024-01-20,P008,19,5,488,67.76
2024-01-21,P008,33,7,414,47.65
2024-01-22,P008,34,6,479,34.87
2024-01-23,P008,20,2,521,97.36
2024-01-24,P008,22,6,281,73.41
2024-01-25,P008,29,5,270,33.78
2024-01-26,P008,25,9,201,35.87
2024-01-27,P008,32,6,429,16.15
2024-01-28,P008,29,4,283,18.29
2024-01-29,P008,31,7,522,43.59
2024-01-30,P008,31,9,247,62.52
2024-01-31,P008,30,3,264,20.54
2024-02-01,P008,29,4,349,94.52
2024-02-02,P008,32,6,483,66.47
2024-02-03,P008,28,2,363,94.57
2024-02-04,P008,25,7,305,76.55
2024-02-05,P008,25,3,569,76.85
2024-02-06,P008,27,6,326,82.65
2024-02-07,P008,30,4,447,30.63
2024-02-08,P008,31,3,411,28.36
2024-02-09,P008,32,8,246,12.66
2024-02-10,P008,28,4,489,15.63
2024-02-11,P008,29,3,360,70.56
2024-02-12,P008,21,3,537,82.46
2024-02-13,P008,31,3,557,76.86
2024-02-14,P008,34,4,408,92.87
2024-02-15,P008,31,2,483,92.37
2024-02-16,P008,37,4,540,47.02
2024-02-17,P008,37,7,367,49.83
2024-02-18,P008,26,2,404,37.09
2024-02-19,P008,30,7,287,93.44
2024-02-20,P008,22,7,441,46.79
2024-02-21,P008,40,6,332,80.79
2024-02-22,P008,41,4,308,84.38
2024-02-23,P008,29,2,395,93.21
2024-02-24,P008,29,2,476,76.83
2024-02-25,P008,36,8,551,80.77
2024-02-26,P008,32,3,494,30.86
2024-02-27,P008,27,7,308,55.28
2024-02-28,P008,33,8,512,11.19
2024-02-29,P008,26,8,340,74.97
2024-03-01,P008,28,6,446,10.18
2024-03-02,P008,34,3,293,24.52
2024-03-03,P008,21,4,321,41.88
2024-03-04,P008,22,2,433,64.7
2024-03-05,P008,26,7,326,31.08
2024-03-06,P008,32,8,488,48.6
2024-03-07,P008,31,8,553,47.08
2024-03-08,P008,37,9,438,20.39
2024-03-09,P008,32,6,494,22.86
2024-03-10,P008,33,6,481,90.61
2024-03-11,P008,25,6,392,11.63
2024-03-12,P008,35,6,586,60.46
2024-03-13,P008,32,5,343,10.9
2024-03-14,P008,34,2,292,83.92
2024-03-15,P008,36,4,317,81.24
2024-03-16,P008,29,3,470,51.97
2024-03-17,P008,20,9,345,91.16
2024-03-18,P008,25,7,205,45.05
2024-03-19,P008,20,6,281,43.79
2024-03-20,P008,35,9,420,60.32
2024-03-21,P008,27,7,405,43.53
2024-03-22,P008,20,4,259,75.05
2024-03-23,P008,33,4,434,84.82
2024-03-24,P008,36,8,323,18.58
2024-03-25,P008,22,5,335,48.35
2024-03-26,P008,31,7,494,70.97
2024-03-27,P008,34,4,391,74.19
2024-03-28,P008,28,8,419,45.17
2024-03-29,P008,24,8,586,48.98
2024-03-30,P008,31,5,369,47.35
2024-01-01,P009,21,4,512,31.74
2024-01-02,P009,20,5,337,55.64
2024-01-03,P009,20,3,377,44.45
2024-01-04,P009,30,9,568,34.48
2024-01-05,P009,28,7,421,30.25
2024-01-06,P009,25,6,577,35.06
2024-01-07,P009,27,3,406,80.02
2024-01-08,P009,29,5,556,77.31
2024-01-09,P009,19,6,262,33.76
2024-01-10,P009,24,8,204,66.7
2024-01-11,P009,31,2,255,28.1
2024-01-12,P009,25,8,303,70.01
2024-01-13,P009,17,2,381,73.62
2024-01-14,P009,30,4,564,51.92
2024-01-15,P009,26,6,568,96.5
2024-01-16,P009,32,7,503,38.1
2024-01-17,P009,33,5,382,85.34
2024-01-18,P009,27,9,396,87.8
2024-01-19,P009,26,6,228,78.11
2024-01-20,P009,24,4,352,30.6
2024-01-21,P009,26,7,382,65.67
2024-01-22,P009,27,6,467,54.47
2024-01-23,P009,31,7,213,14.8
2024-01-24,P009,24,8,381,43.58
2024-01-25,P009,35,6,542,72.18
2024-01-26,P009,28,3,538,77.3
2024-01-27,P009,30,9,413,62.18
2024-01-28,P009,24,3,311,12.25
2024-01-29,P009,19,9,317,71.71
2024-01-30,P009,33,3,293,89.35
2024-01-31,P009,26,3,491,17.07
2024-02-01,P009,29,4,349,73.24
2024-02-02,P009,15,2,327,65.47
2024-02-03,P009,21,4,206,55.14
2024-02-04,P009,23,9,272,99.75
2024-02-05,P009,24,7,565,40.18
2024-02-06,P009,35,4,297,16.39
2024-02-07,P009,20,5,249,34.17
2024-02-08,P009,17,6,283,97.58
2024-02-09,P009,24,9,594,39.36
2024-02-10,P009,22,5,337,33.08
2024-02-11,P009,23,9,235,28.95
2024-02-12,P009,30,9,365,87.82
2024-02-13,P009,19,3,230,37.22
2024-02-14,P009,26,6,391,62.26
2024-02-15,P009,25,4,311,25.68
2024-02-16,P009,32,8,512,74.37
2024-02-17,P009,22,7,596,41.24
2024-02-18,P009,27,8,518,21.37
2024-02-19,P009,26,9,347,11.42
2024-02-20,P009,25,2,531,53.49
2024-02-21,P009,31,4,247,46.61
2024-02-22,P009,22,2,423,21.34
2024-02-23,P009,19,2,387,54.07
2024-02-24,P009,27,8,271,43.5
2024-02-25,P009,27,7,319,26.67
2024-02-26,P009,21,6,445,84.31
2024-02-27,P009,22,9,446,61.41
2024-02-28,P009,19,4,593,43.07
2024-02-29,P009,17,8,548,81.63
2024-03-01,P009,19,2,486,29.64
2024-03-02,P009,32,7,587,10.06
2024-03-03,P009,27,7,584,41.61
2024-03-04,P009,17,3,418,13.61
2024-03-05,P009,22,3,310,91.76
2024-03-06,P009,24,2,388,23.9
2024-03-07,P009,25,2,485,99.96
2024-03-08,P009,29,7,537,25.36
2024-03-09,P009,23,5,342,91.95
2024-03-10,P009,25,8,583,13.14
2024-03-11,P009,26,7,566,24.46
2024-03-12,P009,21,2,436,20.04
2024-03-13,P009,27,7,467,44.18
2024-03-14,P009,30,4,302,21.29
2024-03-15,P009,29,6,412,60.92
2024-03-16,P009,34,3,301,11.72
2024-03-17,P009,30,2,426,47.67
2024-03-18,P009,22,3,262,13.73
2024-03-19,P009,27,7,346,27.31
2024-03-20,P009,22,6,570,55.57
2024-03-21,P009,23,5,257,51.01
2024-03-22,P009,28,5,446,49.21
2024-03-23,P009,30,7,559,38.18
2024-03-24,P009,31,9,495,58.69
2024-03-25,P009,24,4,336,31.6
2024-03-26,P009,28,8,341,50.39
2024-03-27,P009,33,9,317,69.57
2024-03-28,P009,29,3,410,91.39
2024-03-29,P009,30,9,312,10.62
2024-03-30,P009,20,3,374,46.22
2024-01-01,P010,42,5,286,36.9
2024-01-02,P010,35,3,357,94.62
2024-01-03,P010,47,5,413,25.6
2024-01-04,P010,45,6,342,95.49
2024-01-05,P010,36,2,476,62.52
2024-01-06,P010,43,4,311,29.61
2024-01-07,P010,35,9,350,72.97
2024-01-08,P010,43,5,399,84.39
2024-01-09,P010,51,6,380,51.76
2024-01-10,P010,39,9,201,76.5
2024-01-11,P010,46,3,404,61.12
2024-01-12,P010,41,7,419,98.52
2024-01-13,P010,44,8,230,14.75
2024-01-14,P010,49,9,300,65.26
2024-01-15,P010,40,7,534,83.86
2024-01-16,P010,44,9,389,82.51
2024-01-17,P010,41,2,365,52.0
2024-01-18,P010,45,7,213,44.29
2024-01-19,P010,43,6,362,11.51
2024-01-20,P010,49,8,416,64.15
2024-01-21,P010,58,7,397,68.87
2024-01-22,P010,47,2,213,86.04
2024-01-23,P010,39,8,218,79.62
2024-01-24,P010,48,4,321,85.03
2024-01-25,P010,52,2,526,32.98
2024-01-26,P010,35,6,513,58.4
2024-01-27,P010,40,7,523,60.07
2024-01-28,P010,37,9,436,73.91
2024-01-29,P010,34,8,370,33.61
2024-01-30,P010,41,8,563,92.48
2024-01-31,P010,48,4,485,77.72
2024-02-01,P010,46,6,259,49.95
2024-02-02,P010,55,7,589,94.89
2024-02-03,P010,39,6,205,32.61
2024-02-04,P010,53,9,428,91.14
2024-02-05,P010,39,8,522,84.56
2024-02-06,P010,49,8,536,75.55
2024-02-07,P010,42,7,490,95.21
2024-02-08,P010,43,4,450,80.22
2024-02-09,P010,44,4,432,27.83
2024-02-10,P010,43,8,229,79.87
2024-02-11,P010,36,8,224,81.75
2024-02-12,P010,50,7,574,82.45
2024-02-13,P010,30,9,425,16.91
2024-02-14,P010,39,7,372,37.41
2024-02-15,P010,40,3,531,13.23
2024-02-16,P010,57,9,440,10.87
2024-02-17,P010,53,9,461,80.35
2024-02-18,P010,41,3,275,42.77
2024-02-19,P010,46,3,514,58.18
2024-02-20,P010,46,8,566,56.19
2024-02-21,P010,38,6,453,24.7
2024-02-22,P010,39,5,207,93.74
2024-02-23,P010,34,6,374,88.36
2024-02-24,P010,34,3,270,14.62
2024-02-25,P010,45,4,598,45.51
2024-02-26,P010,46,3,220,82.49
2024-02-27,P010,50,5,480,34.14
2024-02-28,P010,42,9,345,15.1
2024-02-29,P010,49,7,573,33.38
2024-03-01,P010,54,5,528,30.7
2024-03-02,P010,43,8,534,84.35
2024-03-03,P010,48,3,204,24.07
2024-03-04,P010,50,3,523,34.36
2024-03-05,P010,48,6,538,98.67
2024-03-06,P010,51,3,329,65.69
2024-03-07,P010,48,9,501,12.12
2024-03-08,P010,44,4,574,18.96
2024-03-09,P010,47,5,294,52.39
2024-03-10,P010,45,8,380,78.88
2024-03-11,P010,40,5,218,21.34
2024-03-12,P010,53,3,482,63.48
2024-03-13,P010,47,5,381,48.62
2024-03-14,P010,40,6,465,72.31
2024-03-15,P010,39,2,573,29.68
2024-03-16,P010,31,7,384,86.45
2024-03-17,P010,42,3,211,39.88
2024-03-18,P010,44,9,425,85.78
2024-03-19,P010,45,4,323,75.18
2024-03-20,P010,45,2,277,45.81
2024-03-21,P010,52,5,324,12.22
2024-03-22,P010,42,6,345,21.47
2024-03-23,P010,51,7,235,99.23
2024-03-24,P010,50,6,555,64.49
2024-03-25,P010,41,5,217,62.31
2024-03-26,P010,40,9,386,93.19
2024-03-27,P010,41,8,405,75.59
2024-03-28,P010,41,7,516,40.85
2024-03-29,P010,36,2,509,92.66
2024-03-30,P010,48,5,542,75.6
2024-01-01,P011,21,8,554,42.09
2024-01-02,P011,24,8,487,86.6
2024-01-03,P011,41,2,484,17.66
2024-01-04,P011,29,6,524,44.99
2024-01-05,P011,24,5,542,17.29
2024-01-06,P011,26,9,298,90.22
2024-01-07,P011,27,6,310,38.65
2024-01-08,P011,28,9,228,72.52
2024-01-09,P011,26,6,563,72.41
2024-01-10,P011,31,5,442,55.0
2024-01-11,P011,32,6,596,12.31
2024-01-12,P011,24,6,564,86.5
2024-01-13,P011,23,3,545,19.72
2024-01-14,P011,28,5,336,17.74
2024-01-15,P011,17,5,406,58.99
2024-01-16,P011,23,4,210,13.74
2024-01-17,P011,28,7,571,37.7
2024-01-18,P011,30,9,527,62.48
2024-01-19,P011,32,4,558,51.96
2024-01-20,P011,23,7,339,42.28
2024-01-21,P011,37,9,407,15.12
2024-01-22,P011,32,2,315,70.81
2024-01-23,P011,26,7,321,47.11
2024-01-24,P011,38,8,227,62.18
2024-01-25,P011,25,6,552,55.53
2024-01-26,P011,22,2,407,20.27
2024-01-27,P011,30,3,519,83.24
2024-01-28,P011,39,3,368,26.25
2024-01-29,P011,24,3,429,88.14
2024-01-30,P011,25,5,203,76.09
2024-01-31,P011,23,2,270,63.57
2024-02-01,P011,35,6,491,58.63
2024-02-02,P011,19,7,576,45.67
2024-02-03,P011,25,8,450,48.95
2024-02-04,P011,29,9,238,55.22
2024-02-05,P011,23,3,307,92.42
2024-02-06,P011,26,8,452,21.19
2024-02-07,P011,22,9,351,46.49
2024-02-08,P011,28,6,229,70.5
2024-02-09,P011,28,7,549,11.99
2024-02-10,P011,33,7,316,49.59
2024-02-11,P011,30,7,473,63.95
2024-02-12,P011,36,6,385,49.83
2024-02-13,P011,34,2,297,81.98
2024-02-14,P011,29,7,224,50.08
2024-02-15,P011,35,9,419,11.29
2024-02-16,P011,28,7,414,80.9
2024-02-17,P011,24,4,494,43.64
2024-02-18,P011,30,4,538,76.81
2024-02-19,P011,24,5,310,86.93
2024-02-20,P011,24,8,587,10.66
2024-02-21,P011,23,6,526,18.82
2024-02-22,P011,15,9,312,68.1
2024-02-23,P011,34,2,505,25.29
2024-02-24,P011,21,9,533,32.13
2024-02-25,P011,21,7,483,16.91
2024-02-26,P011,30,8,336,47.39
2024-02-27,P011,22,4,591,59.49
2024-02-28,P011,42,6,468,25.26
2024-02-29,P011,23,6,569,39.88
2024-03-01,P011,33,8,448,68.27
2024-03-02,P011,34,3,437,96.55
2024-03-03,P011,32,2,250,76.57
2024-03-04,P011,30,4,537,82.94
2024-03-05,P011,24,2,227,82.37
2024-03-06,P011,35,3,298,22.6
2024-03-07,P011,27,6,325,56.77
2024-03-08,P011,31,7,527,24.29
2024-03-09,P011,23,9,542,53.54
2024-03-10,P011,27,4,345,61.8
2024-03-11,P011,22,8,546,61.33
2024-03-12,P011,23,9,369,52.57
2024-03-13,P011,25,2,486,27.62
2024-03-14,P011,28,2,542,38.56
2024-03-15,P011,37,5,224,38.71
2024-03-16,P011,27,6,237,18.22
2024-03-17,P011,25,4,572,52.45
2024-03-18,P011,19,2,571,46.66
2024-03-19,P011,28,5,352,12.03
2024-03-20,P011,35,2,599,63.73
2024-03-21,P011,33,9,381,92.17
2024-03-22,P011,29,3,535,27.88
2024-03-23,P011,24,6,244,62.92
2024-03-24,P011,27,9,238,75.08
2024-03-25,P011,33,3,287,46.03
2024-03-26,P011,33,8,367,70.2
2024-03-27,P011,35,5,278,69.67
2024-03-28,P011,16,2,316,10.08
2024-03-29,P011,36,5,575,47.46
2024-03-30,P011,26,2,507,56.1
2024-01-01,P012,39,6,350,44.73
2024-01-02,P012,35,8,288,23.67
2024-01-03,P012,34,6,329,96.87
2024-01-04,P012,36,8,269,43.03
2024-01-05,P012,30,5,391,67.25
2024-01-06,P012,35,7,566,92.94
2024-01-07,P012,43,4,382,22.88
2024-01-08,P012,40,7,504,15.62
2024-01-09,P012,37,9,409,38.52
2024-01-10,P012,33,4,209,78.82
2024-01-11,P012,29,8,333,71.43
2024-01-12,P012,34,9,530,55.95
2024-01-13,P012,29,4,274,87.53
2024-01-14,P012,34,7,514,83.08
2024-01-15,P012,50,4,526,21.85
2024-01-16,P012,41,9,395,66.25
2024-01-17,P012,39,8,482,96.35
2024-01-18,P012,31,8,240,83.85
2024-01-19,P012,40,8,364,56.0
2024-01-20,P012,39,6,247,84.66
2024-01-21,P012,41,5,469,70.39
2024-01-22,P012,41,2,579,75.28
2024-01-23,P012,28,7,534,16.38
2024-01-24,P012,34,8,463,72.57
2024-01-25,P012,39,3,551,62.44
2024-01-26,P012,32,8,435,57.48
2024-01-27,P012,30,8,391,55.7
2024-01-28,P012,32,7,288,63.58
2024-01-29,P012,35,6,221,27.61
2024-01-30,P012,43,2,472,34.92
2024-01-31,P012,40,2,524,33.36
2024-02-01,P012,38,3,384,19.49
2024-02-02,P012,38,7,477,84.0
2024-02-03,P012,42,2,217,75.05
2024-02-04,P012,32,5,459,31.8
2024-02-05,P012,26,2,483,31.1
2024-02-06,P012,28,3,561,34.71
2024-02-07,P012,39,7,312,49.98
2024-02-08,P012,40,8,345,87.94
2024-02-09,P012,42,2,267,99.29
2024-02-10,P012,45,6,533,87.29
2024-02-11,P012,34,9,378,11.64
2024-02-12,P012,46,9,264,95.63
2024-02-13,P012,29,8,282,48.53
2024-02-14,P012,25,7,485,49.48
2024-02-15,P012,41,2,230,40.54
2024-02-16,P012,33,8,309,92.42
2024-02-17,P012,41,2,490,78.48
2024-02-18,P012,28,2,418,76.41
2024-02-19,P012,29,7,367,29.11
2024-02-20,P012,37,4,222,98.27
2024-02-21,P012,39,3,501,95.73
2024-02-22,P012,42,9,346,73.08
2024-02-23,P012,31,5,525,68.93
2024-02-24,P012,35,8,257,17.87
2024-02-25,P012,35,8,222,34.66
2024-02-26,P012,34,6,254,45.3
2024-02-27,P012,50,8,577,19.78
2024-02-28,P012,42,8,266,27.28
2024-02-29,P012,47,9,486,82.74
2024-03-01,P012,26,7,379,67.21
2024-03-02,P012,34,3,357,83.29
2024-03-03,P012,35,3,314,31.37
2024-03-04,P012,33,9,407,72.65
2024-03-05,P012,34,2,519,52.21
2024-03-06,P012,43,5,313,89.53
2024-03-07,P012,34,7,402,15.02
2024-03-08,P012,39,7,240,17.25
2024-03-09,P012,30,2,415,91.97
2024-03-10,P012,29,2,472,24.55
2024-03-11,P012,54,4,540,59.2
2024-03-12,P012,46,6,473,75.6
2024-03-13,P012,33,2,272,90.12
2024-03-14,P012,28,4,575,63.77
2024-03-15,P012,45,8,354,51.85
2024-03-16,P012,32,5,225,48.14
2024-03-17,P012,36,3,497,59.82
2024-03-18,P012,33,9,518,75.26
2024-03-19,P012,39,5,599,13.7
2024-03-20,P012,42,2,465,15.63
2024-03-21,P012,35,8,547,65.73
2024-03-22,P012,37,7,498,20.16
2024-03-23,P012,39,2,500,44.24
2024-03-24,P012,28,3,201,48.44
2024-03-25,P012,36,5,468,65.65
2024-03-26,P012,40,6,503,10.08
2024-03-27,P012,32,7,503,59.56
2024-03-28,P012,30,4,382,75.81
2024-03-29,P012,38,6,437,16.16
2024-03-30,P012,46,5,379,83.42
2024-01-01,P013,40,9,247,62.55
2024-01-02,P013,38,6,503,42.05
2024-01-03,P013,48,4,577,76.59
2024-01-04,P013,50,4,292,35.78
2024-01-05,P013,44,2,466,73.39
2024-01-06,P013,56,8,213,33.86
2024-01-07,P013,48,8,437,57.9
2024-01-08,P013,51,4,422,57.92
2024-01-09,P013,45,6,553,44.18
2024-01-10,P013,49,9,324,70.0
2024-01-11,P013,46,2,201,57.58
2024-01-12,P013,41,3,411,33.17
2024-01-13,P013,50,6,213,87.04
2024-01-14,P013,49,5,505,16.27
2024-01-15,P013,54,2,328,75.22
2024-01-16,P013,51,7,243,86.7
2024-01-17,P013,27,4,441,15.68
2024-01-18,P013,40,6,447,26.16
2024-01-19,P013,39,2,217,16.74
2024-01-20,P013,34,9,497,27.55
2024-01-21,P013,44,9,433,61.91
2024-01-22,P013,35,5,431,85.07
2024-01-23,P013,35,9,488,85.96
2024-01-24,P013,39,3,283,50.42
2024-01-25,P013,45,7,453,38.4
2024-01-26,P013,34,3,542,78.99
2024-01-27,P013,52,9,288,35.67
2024-01-28,P013,47,4,478,33.87
2024-01-29,P013,37,3,508,20.2
2024-01-30,P013,37,3,381,32.48
2024-01-31,P013,41,4,385,56.33
2024-02-01,P013,34,5,281,43.93
2024-02-02,P013,46,6,590,93.93
2024-02-03,P013,45,9,453,78.97
2024-02-04,P013,42,6,529,74.73
2024-02-05,P013,39,8,561,52.87
2024-02-06,P013,47,4,454,66.29
2024-02-07,P013,36,5,210,72.62
2024-02-08,P013,43,2,418,86.25
2024-02-09,P013,40,3,556,37.16
2024-02-10,P013,42,5,511,20.87
2024-02-11,P013,43,3,277,18.93
2024-02-12,P013,43,8,255,66.47
2024-02-13,P013,40,7,506,28.31
2024-02-14,P013,29,8,297,82.17
2024-02-15,P013,43,3,262,68.82
2024-02-16,P013,39,6,454,50.01
2024-02-17,P013,49,5,315,36.99
2024-02-18,P013,43,3,472,46.0
2024-02-19,P013,30,3,445,23.66
2024-02-20,P013,46,7,331,73.1
2024-02-21,P013,42,3,248,72.25
2024-02-22,P013,47,8,566,98.11
2024-02-23,P013,42,9,376,74.55
2024-02-24,P013,46,8,226,51.12
2024-02-25,P013,43,5,394,72.74
2024-02-26,P013,33,8,323,16.19
2024-02-27,P013,45,8,243,28.36
2024-02-28,P013,51,8,350,97.47
2024-02-29,P013,44,3,236,87.21
2024-03-01,P013,40,7,555,74.38
2024-03-02,P013,41,8,465,51.11
2024-03-03,P013,41,3,593,32.93
2024-03-04,P013,41,6,591,21.22
2024-03-05,P013,50,2,268,11.75
2024-03-06,P013,37,9,365,51.14
2024-03-07,P013,40,6,533,64.86
2024-03-08,P013,45,5,577,32.58
2024-03-09,P013,44,8,418,65.36
2024-03-10,P013,44,7,224,96.3
2024-03-11,P013,36,7,256,35.11
2024-03-12,P013,30,2,239,23.91
2024-03-13,P013,43,8,371,17.83
2024-03-14,P013,58,6,286,81.48
2024-03-15,P013,46,9,590,61.32
2024-03-16,P013,46,2,216,12.16
2024-03-17,P013,45,4,216,29.18
2024-03-18,P013,34,2,396,15.2
2024-03-19,P013,52,5,506,19.34
2024-03-20,P013,40,4,467,22.0
2024-03-21,P013,44,6,275,73.49
2024-03-22,P013,37,3,246,22.92
2024-03-23,P013,37,7,345,86.03
2024-03-24,P013,32,4,366,88.53
2024-03-25,P013,39,8,453,69.4
2024-03-26,P013,42,4,592,88.04
2024-03-27,P013,60,5,357,90.6
2024-03-28,P013,40,7,358,34.61
2024-03-29,P013,49,5,287,22.51
2024-03-30,P013,49,3,332,74.0
2024-01-01,P014,26,8,307,98.5
2024-01-02,P014,22,8,451,44.28
2024-01-03,P014,26,3,244,76.56
2024-01-04,P014,21,7,525,85.94
2024-01-05,P014,25,7,541,95.8
2024-01-06,P014,17,9,344,65.82
2024-01-07,P014,27,8,287,31.49
2024-01-08,P014,21,3,592,29.57
2024-01-09,P014,24,5,351,95.92
2024-01-10,P014,31,9,375,38.52
2024-01-11,P014,22,9,523,77.19
2024-01-12,P014,21,2,457,10.88
2024-01-13,P014,25,4,221,37.37
2024-01-14,P014,31,3,595,75.43
2024-01-15,P014,21,5,212,92.36
2024-01-16,P014,20,9,327,34.72
2024-01-17,P014,26,4,581,90.01
2024-01-18,P014,27,3,266,14.6
2024-01-19,P014,22,3,269,26.36
2024-01-20,P014,26,3,595,22.0
2024-01-21,P014,35,6,290,65.9
2024-01-22,P014,23,5,288,49.48
2024-01-23,P014,30,3,438,32.66
2024-01-24,P014,31,6,442,36.34
2024-01-25,P014,27,9,499,81.55
2024-01-26,P014,20,4,297,88.94
2024-01-27,P014,26,4,524,68.46
2024-01-28,P014,28,3,327,50.04
2024-01-29,P014,34,6,425,97.25
2024-01-30,P014,25,4,592,93.91
2024-01-31,P014,32,8,459,51.76
2024-02-01,P014,31,4,296,99.84
2024-02-02,P014,17,8,422,41.3
2024-02-03,P014,26,5,302,79.11
2024-02-04,P014,30,8,250,18.73
2024-02-05,P014,16,3,268,87.25
2024-02-06,P014,25,8,209,34.77
2024-02-07,P014,24,8,525,92.25
2024-02-08,P014,31,3,429,37.62
2024-02-09,P014,15,8,322,19.23
2024-02-10,P014,26,7,373,94.39
2024-02-11,P014,24,8,519,40.05
2024-02-12,P014,22,6,447,14.39
2024-02-13,P014,32,2,292,59.18
2024-02-14,P014,18,6,279,88.27
2024-02-15,P014,21,8,431,21.24
2024-02-16,P014,26,8,213,99.85
2024-02-17,P014,27,4,415,96.99
2024-02-18,P014,25,5,419,74.41
2024-02-19,P014,29,3,501,37.52
2024-02-20,P014,30,8,529,56.16
2024-02-21,P014,24,7,324,39.01
2024-02-22,P014,30,3,286,82.83
2024-02-23,P014,29,9,567,36.99
2024-02-24,P014,21,8,530,29.6
2024-02-25,P014,28,6,223,22.98
2024-02-26,P014,30,9,215,77.83
2024-02-27,P014,22,8,448,41.57
2024-02-28,P014,32,5,498,93.52
2024-02-29,P014,20,3,302,91.55
2024-03-01,P014,25,2,225,27.7
2024-03-02,P014,37,8,331,59.11
2024-03-03,P014,29,6,200,52.22
2024-03-04,P014,17,5,416,56.33
2024-03-05,P014,26,4,221,50.71
2024-03-06,P014,27,5,380,24.84
2024-03-07,P014,19,3,220,29.65
2024-03-08,P014,15,6,509,25.5
2024-03-09,P014,25,4,272,48.23
2024-03-10,P014,23,9,437,52.03
2024-03-11,P014,29,3,201,19.63
2024-03-12,P014,24,8,469,49.4
2024-03-13,P014,23,3,231,94.67
2024-03-14,P014,30,5,345,34.12
2024-03-15,P014,34,7,342,38.41
2024-03-16,P014,31,5,281,51.2
2024-03-17,P014,33,7,561,91.86
2024-03-18,P014,22,2,512,29.03
2024-03-19,P014,22,5,251,92.42
2024-03-20,P014,26,7,268,97.97
2024-03-21,P014,40,7,266,19.01
2024-03-22,P014,22,2,452,17.96
2024-03-23,P014,28,6,430,98.76
2024-03-24,P014,31,6,445,15.1
2024-03-25,P014,19,3,551,54.71
2024-03-26,P014,32,5,529,75.87
2024-03-27,P014,20,6,485,16.36
2024-03-28,P014,24,6,202,52.71
2024-03-29,P014,31,4,387,63.59
2024-03-30,P014,33,3,210,66.7
2024-01-01,P015,32,5,245,67.93
2024-01-02,P015,36,4,454,25.55
2024-01-03,P015,42,8,528,27.31
2024-01-04,P015,44,4,406,11.72
2024-01-05,P015,42,4,583,27.97
2024-01-06,P015,45,2,428,75.9
2024-01-07,P015,35,3,551,28.97
2024-01-08,P015,35,6,376,47.41
2024-01-09,P015,35,2,306,50.33
2024-01-10,P015,40,7,481,42.29
2024-01-11,P015,40,2,333,82.07
2024-01-12,P015,39,4,271,65.69
2024-01-13,P015,29,3,269,84.86
2024-01-14,P015,39,5,298,67.34
2024-01-15,P015,50,9,288,66.07
2024-01-16,P015,39,4,208,24.81
2024-01-17,P015,38,4,385,47.7
2024-01-18,P015,40,9,525,42.29
2024-01-19,P015,42,3,302,37.58
2024-01-20,P015,36,2,290,10.44
2024-01-21,P015,38,2,329,12.22
2024-01-22,P015,38,7,555,99.64
2024-01-23,P015,42,8,241,93.26
2024-01-24,P015,37,9,263,36.95
2024-01-25,P015,48,6,394,68.51
2024-01-26,P015,45,6,522,66.98
2024-01-27,P015,50,6,448,20.42
2024-01-28,P015,47,8,243,53.55
2024-01-29,P015,49,9,443,29.4
2024-01-30,P015,46,7,413,97.14
2024-01-31,P015,33,3,415,96.84
2024-02-01,P015,35,4,419,58.28
2024-02-02,P015,40,9,304,11.29
2024-02-03,P015,26,3,588,95.8
2024-02-04,P015,50,6,237,70.06
2024-02-05,P015,31,3,368,23.44
2024-02-06,P015,43,6,595,64.7
2024-02-07,P015,29,7,460,62.64
2024-02-08,P015,35,7,586,66.01
2024-02-09,P015,52,9,445,87.98
2024-02-10,P015,40,9,571,47.62
2024-02-11,P015,30,9,567,88.73
2024-02-12,P015,32,9,377,66.08
2024-02-13,P015,37,5,518,34.67
2024-02-14,P015,36,3,504,44.66
2024-02-15,P015,38,8,215,50.62
2024-02-16,P015,31,6,469,62.32
2024-02-17,P015,29,8,256,42.53
2024-02-18,P015,37,7,474,81.72
2024-02-19,P015,37,7,437,14.99
2024-02-20,P015,41,9,388,75.35
2024-02-21,P015,42,2,395,98.05
2024-02-22,P015,45,9,417,25.35
2024-02-23,P015,39,8,471,88.96
2024-02-24,P015,36,4,440,70.51
2024-02-25,P015,37,9,496,54.78
2024-02-26,P015,36,2,291,69.76
2024-02-27,P015,35,8,254,60.74
2024-02-28,P015,34,8,436,86.73
2024-02-29,P015,34,7,454,75.04
2024-03-01,P015,36,3,423,26.07
2024-03-02,P015,40,9,223,94.94
2024-03-03,P015,51,3,236,73.22
2024-03-04,P015,35,4,252,19.91
2024-03-05,P015,38,2,299,75.48
2024-03-06,P015,31,4,300,28.06
2024-03-07,P015,49,5,329,65.85
2024-03-08,P015,43,7,478,86.45
2024-03-09,P015,41,3,322,76.63
2024-03-10,P015,31,7,249,12.47
2024-03-11,P015,33,4,380,75.23
2024-03-12,P015,40,2,220,77.11
2024-03-13,P015,40,9,505,75.69
2024-03-14,P015,49,9,208,28.42
2024-03-15,P015,41,3,552,51.4
2024-03-16,P015,36,8,425,89.7
2024-03-17,P015,41,8,536,54.92
2024-03-18,P015,31,7,525,36.75
2024-03-19,P015,32,6,575,67.85
2024-03-20,P015,44,2,473,85.8
2024-03-21,P015,34,5,398,46.23
2024-03-22,P015,51,4,315,95.31
2024-03-23,P015,35,3,419,14.61
2024-03-24,P015,40,9,587,41.56
2024-03-25,P015,45,7,527,42.99
2024-03-26,P015,38,3,206,73.65
2024-03-27,P015,34,5,252,20.92
2024-03-28,P015,38,5,396,59.87
2024-03-29,P015,33,5,282,67.98
2024-03-30,P015,43,8,388,29.4
2024-01-01,P016,49,9,314,64.6
2024-01-02,P016,40,5,277,17.75
2024-01-03,P016,47,9,226,11.63
2024-01-04,P016,46,8,483,69.71
2024-01-05,P016,56,3,538,86.64
2024-01-06,P016,56,7,461,18.76
2024-01-07,P016,44,7,457,93.55
2024-01-08,P016,35,3,435,68.75
2024-01-09,P016,43,8,205,27.54
2024-01-10,P016,55,4,456,74.22
2024-01-11,P016,41,6,472,48.89
2024-01-12,P016,39,8,509,88.13
2024-01-13,P016,58,8,351,43.46
2024-01-14,P016,40,6,418,11.22
2024-01-15,P016,45,8,472,89.98
2024-01-16,P016,48,6,208,40.8
2024-01-17,P016,41,3,540,17.59
2024-01-18,P016,52,6,264,16.91
2024-01-19,P016,46,2,568,38.39
2024-01-20,P016,52,2,376,98.1
2024-01-21,P016,46,6,417,18.5
2024-01-22,P016,39,7,587,91.03
2024-01-23,P016,51,5,557,84.21
2024-01-24,P016,46,7,530,72.81
2024-01-25,P016,40,4,254,79.83
2024-01-26,P016,47,2,432,92.77
2024-01-27,P016,44,2,351,91.54
2024-01-28,P016,49,3,483,82.07
2024-01-29,P016,51,2,475,92.43
2024-01-30,P016,50,9,567,70.97
2024-01-31,P016,48,6,230,95.3
2024-02-01,P016,33,6,355,72.12
2024-02-02,P016,51,8,266,99.26
2024-02-03,P016,43,7,581,68.39
2024-02-04,P016,53,2,497,49.87
2024-02-05,P016,49,9,561,49.63
2024-02-06,P016,49,3,219,96.42
2024-02-07,P016,51,9,365,47.24
2024-02-08,P016,44,8,499,28.47
2024-02-09,P016,41,8,375,44.7
2024-02-10,P016,60,9,205,98.95
2024-02-11,P016,47,7,381,19.26
2024-02-12,P016,53,2,295,54.36
2024-02-13,P016,41,3,383,54.17
2024-02-14,P016,36,5,332,44.08
2024-02-15,P016,52,9,578,69.11
2024-02-16,P016,41,3,530,66.01
2024-02-17,P016,47,5,233,14.46
2024-02-18,P016,37,8,245,64.05
2024-02-19,P016,42,2,243,72.2
2024-02-20,P016,48,6,307,42.09
2024-02-21,P016,53,4,557,81.68
2024-02-22,P016,49,5,556,65.98
2024-02-23,P016,49,9,474,66.69
2024-02-24,P016,45,8,461,20.11
2024-02-25,P016,43,4,494,24.73
2024-02-26,P016,43,8,565,31.44
2024-02-27,P016,46,5,223,47.02
2024-02-28,P016,39,6,293,64.69
2024-02-29,P016,43,6,222,41.4
2024-03-01,P016,60,2,595,12.74
2024-03-02,P016,37,7,596,77.25
2024-03-03,P016,41,3,558,66.46
2024-03-04,P016,47,8,276,91.7
2024-03-05,P016,53,8,301,42.35
2024-03-06,P016,57,4,260,29.84
2024-03-07,P016,60,4,356,15.52
2024-03-08,P016,52,7,312,60.31
2024-03-09,P016,45,2,352,72.67
2024-03-10,P016,52,3,291,77.52
2024-03-11,P016,44,2,251,33.28
2024-03-12,P016,49,5,508,63.43
2024-03-13,P016,50,7,588,27.09
2024-03-14,P016,55,7,288,77.28
2024-03-15,P016,49,9,427,67.31
2024-03-16,P016,34,9,543,55.27
2024-03-17,P016,51,7,323,55.16
2024-03-18,P016,47,6,488,35.83
2024-03-19,P016,43,7,351,72.56
2024-03-20,P016,50,4,247,91.82
2024-03-21,P016,59,6,256,95.0
2024-03-22,P016,42,3,401,33.26
2024-03-23,P016,54,4,385,64.49
2024-03-24,P016,34,3,221,69.65
2024-03-25,P016,50,9,250,37.51
2024-03-26,P016,48,4,305,79.05
2024-03-27,P016,35,3,238,49.43
2024-03-28,P016,55,6,345,95.31
2024-03-29,P016,35,8,510,33.03
2024-03-30,P016,46,8,458,64.18
2024-01-01,P017,27,8,308,90.87
2024-01-02,P017,27,3,270,27.82
2024-01-03,P017,19,3,559,62.7
2024-01-04,P017,20,7,497,75.65
2024-01-05,P017,21,4,585,44.93
2024-01-06,P017,24,5,582,93.94
2024-01-07,P017,19,7,552,68.17
2024-01-08,P017,26,5,550,61.42
2024-01-09,P017,21,7,225,13.91
2024-01-10,P017,17,4,362,37.84
2024-01-11,P017,23,8,241,41.65
2024-01-12,P017,21,4,597,47.37
2024-01-13,P017,17,3,225,69.57
2024-01-14,P017,18,3,536,61.41
2024-01-15,P017,23,2,221,51.34
2024-01-16,P017,21,9,244,18.87
2024-01-17,P017,16,5,561,87.13
2024-01-18,P017,19,7,438,30.77
2024-01-19,P017,17,6,410,77.12
2024-01-20,P017,24,6,360,87.2
2024-01-21,P017,20,4,401,41.01
2024-01-22,P017,15,2,452,31.43
2024-01-23,P017,29,4,400,61.32
2024-01-24,P017,26,2,241,71.13
2024-01-25,P017,19,7,519,37.39
2024-01-26,P017,13,2,304,25.98
2024-01-27,P017,27,6,504,63.84
2024-01-28,P017,21,3,368,58.96
2024-01-29,P017,21,6,534,33.79
2024-01-30,P017,17,5,407,24.83
2024-01-31,P017,19,3,300,50.81
2024-02-01,P017,18,2,470,38.43
2024-02-02,P017,25,6,465,37.32
2024-02-03,P017,19,9,470,35.7
2024-02-04,P017,31,4,344,57.41
2024-02-05,P017,11,3,298,58.19
2024-02-06,P017,21,7,229,14.91
2024-02-07,P017,22,3,492,14.92
2024-02-08,P017,20,4,464,82.85
2024-02-09,P017,24,3,329,15.39
2024-02-10,P017,20,2,444,36.09
2024-02-11,P017,25,5,207,94.16
2024-02-12,P017,18,7,578,70.34
2024-02-13,P017,17,3,512,74.73
2024-02-14,P017,23,7,314,85.37
2024-02-15,P017,17,7,533,86.96
2024-02-16,P017,19,4,378,11.75
2024-02-17,P017,18,7,352,91.86
2024-02-18,P017,22,7,544,96.2
2024-02-19,P017,12,8,246,45.36
2024-02-20,P017,15,5,276,55.28
2024-02-21,P017,12,7,514,49.12
2024-02-22,P017,15,9,577,33.9
2024-02-23,P017,24,8,331,51.89
2024-02-24,P017,16,9,362,55.9
2024-02-25,P017,19,3,219,44.52
2024-02-26,P017,20,3,303,10.33
2024-02-27,P017,17,8,452,27.96
2024-02-28,P017,17,2,427,82.17
2024-02-29,P017,25,6,364,15.24
2024-03-01,P017,28,7,402,77.96
2024-03-02,P017,22,7,246,83.1
2024-03-03,P017,26,5,539,89.01
2024-03-04,P017,21,5,275,35.36
2024-03-05,P017,22,3,474,14.81
2024-03-06,P017,19,5,444,44.45
2024-03-07,P017,24,2,424,58.39
2024-03-08,P017,17,7,340,73.98
2024-03-09,P017,13,5,215,67.71
2024-03-10,P017,19,7,248,57.82
2024-03-11,P017,19,8,537,36.83
2024-03-12,P017,14,2,500,69.44
2024-03-13,P017,20,7,263,15.46
2024-03-14,P017,19,4,356,77.38
2024-03-15,P017,20,7,272,85.83
2024-03-16,P017,17,2,207,24.16
2024-03-17,P017,16,7,509,93.57
2024-03-18,P017,21,4,209,41.11
2024-03-19,P017,22,4,312,43.18
2024-03-20,P017,23,8,310,10.02
2024-03-21,P017,16,4,528,82.53
2024-03-22,P017,17,8,450,87.91
2024-03-23,P017,16,4,519,77.29
2024-03-24,P017,21,8,250,81.34
2024-03-25,P017,21,4,499,98.59
2024-03-26,P017,18,9,304,35.59
2024-03-27,P017,21,5,339,92.53
2024-03-28,P017,26,6,480,55.52
2024-03-29,P017,12,9,376,81.58
2024-03-30,P017,14,6,588,37.24
2024-01-01,P018,33,3,343,82.24
2024-01-02,P018,33,7,420,21.79
2024-01-03,P018,35,3,585,23.94
2024-01-04,P018,27,5,222,66.09
2024-01-05,P018,23,2,523,61.66
2024-01-06,P018,35,2,302,40.2
2024-01-07,P018,38,5,393,68.33
2024-01-08,P018,35,2,272,93.09
2024-01-09,P018,36,5,337,63.32
2024-01-10,P018,39,7,430,90.08
2024-01-11,P018,47,5,534,16.03
2024-01-12,P018,41,7,236,92.65
2024-01-13,P018,31,5,300,91.73
2024-01-14,P018,39,3,580,61.47
2024-01-15,P018,42,5,417,53.38
2024-01-16,P018,22,7,562,77.71
2024-01-17,P018,42,7,558,78.76
2024-01-18,P018,37,4,476,79.72
2024-01-19,P018,29,4,470,77.84
2024-01-20,P018,28,2,487,79.3
2024-01-21,P018,41,7,346,56.65
2024-01-22,P018,32,6,553,16.31
2024-01-23,P018,40,4,272,64.99
2024-01-24,P018,35,7,547,34.83
2024-01-25,P018,42,4,474,82.7
2024-01-26,P018,30,6,355,68.73
2024-01-27,P018,32,6,472,98.33
2024-01-28,P018,26,5,529,53.02
2024-01-29,P018,32,2,397,64.46
2024-01-30,P018,34,7,456,25.88
2024-01-31,P018,39,2,364,78.95
2024-02-01,P018,31,3,301,20.13
2024-02-02,P018,44,8,422,46.6
2024-02-03,P018,31,9,222,34.05
2024-02-04,P018,33,5,482,60.92
2024-02-05,P018,28,6,289,90.56
2024-02-06,P018,25,3,242,10.84
2024-02-07,P018,32,2,386,40.47
2024-02-08,P018,32,8,469,69.57
2024-02-09,P018,32,9,398,63.99
2024-02-10,P018,36,7,290,53.21
2024-02-11,P018,34,5,356,49.62
2024-02-12,P018,35,2,363,98.39
2024-02-13,P018,38,2,317,46.79
2024-02-14,P018,30,6,374,14.37
2024-02-15,P018,32,3,524,21.35
2024-02-16,P018,25,3,247,16.46
2024-02-17,P018,36,6,456,99.33
2024-02-18,P018,36,6,258,89.29
2024-02-19,P018,33,2,247,35.52
2024-02-20,P018,37,2,480,67.85
2024-02-21,P018,34,4,515,41.41
2024-02-22,P018,35,6,472,70.3
2024-02-23,P018,22,4,256,53.2
2024-02-24,P018,31,3,470,79.36
2024-02-25,P018,29,9,324,97.54
2024-02-26,P018,35,9,287,88.09
2024-02-27,P018,28,5,260,28.71
2024-02-28,P018,39,6,385,31.27
2024-02-29,P018,24,9,436,15.06
2024-03-01,P018,26,7,509,41.48
2024-03-02,P018,32,4,560,65.76
2024-03-03,P018,36,4,236,68.12
2024-03-04,P018,36,3,349,73.54
2024-03-05,P018,28,5,555,45.11
2024-03-06,P018,27,6,336,62.12
2024-03-07,P018,36,4,325,64.38
2024-03-08,P018,25,4,357,46.25
2024-03-09,P018,34,6,253,25.73
2024-03-10,P018,36,2,279,12.18
2024-03-11,P018,30,8,375,82.92
2024-03-12,P018,34,4,474,21.57
2024-03-13,P018,29,5,222,52.21
2024-03-14,P018,33,4,363,54.61
2024-03-15,P018,30,8,289,49.04
2024-03-16,P018,30,4,220,71.91
2024-03-17,P018,40,2,499,20.46
2024-03-18,P018,35,5,227,47.42
2024-03-19,P018,32,2,307,37.87
2024-03-20,P018,36,3,328,51.41
2024-03-21,P018,27,5,200,90.71
2024-03-22,P018,28,2,299,21.47
2024-03-23,P018,35,7,418,96.01
2024-03-24,P018,38,6,370,27.56
2024-03-25,P018,41,7,287,54.75
2024-03-26,P018,24,4,443,30.27
2024-03-27,P018,29,7,568,92.24
2024-03-28,P018,31,6,595,68.57
2024-03-29,P018,35,6,524,13.45
2024-03-30,P018,41,7,552,54.75
2024-01-01,P019,18,6,586,18.56
2024-01-02,P019,14,4,286,74.48
2024-01-03,P019,20,9,268,96.2
2024-01-04,P019,30,8,485,34.45
2024-01-05,P019,19,2,312,29.16
2024-01-06,P019,26,3,320,21.68
2024-01-07,P019,23,3,360,93.74
2024-01-08,P019,26,5,241,31.53
2024-01-09,P019,28,4,417,55.52
2024-01-10,P019,25,7,580,65.14
2024-01-11,P019,25,6,585,33.35
2024-01-12,P019,16,8,402,51.05
2024-01-13,P019,24,9,271,46.42
2024-01-14,P019,22,3,474,63.18
2024-01-15,P019,20,4,286,95.11
2024-01-16,P019,23,9,422,32.97
2024-01-17,P019,27,5,541,61.63
2024-01-18,P019,29,6,270,74.86
2024-01-19,P019,24,9,527,14.96
2024-01-20,P019,29,4,315,58.81
2024-01-21,P019,18,9,519,25.17
2024-01-22,P019,25,9,258,73.49
2024-01-23,P019,27,2,208,20.81
2024-01-24,P019,24,9,407,75.76
2024-01-25,P019,24,7,496,85.6
2024-01-26,P019,19,2,524,37.41
2024-01-27,P019,19,8,232,92.3
2024-01-28,P019,29,6,518,89.94
2024-01-29,P019,30,9,507,67.47
2024-01-30,P019,37,9,460,18.3
2024-01-31,P019,27,7,249,43.56
2024-02-01,P019,18,6,238,61.92
2024-02-02,P019,17,4,253,90.46
2024-02-03,P019,40,8,327,29.16
2024-02-04,P019,28,7,299,53.52
2024-02-05,P019,27,3,444,90.14
2024-02-06,P019,25,2,467,74.47
2024-02-07,P019,26,4,453,13.45
2024-02-08,P019,26,2,229,42.18
2024-02-09,P019,21,3,465,88.39
2024-02-10,P019,22,6,246,89.46
2024-02-11,P019,24,3,209,77.44
2024-02-12,P019,37,8,330,25.52
2024-02-13,P019,25,4,548,54.93
2024-02-14,P019,20,5,495,85.41
2024-02-15,P019,20,8,434,47.3
2024-02-16,P019,27,5,276,99.7
2024-02-17,P019,28,7,303,14.42
2024-02-18,P019,28,8,208,13.01
2024-02-19,P019,22,7,529,16.51
2024-02-20,P019,35,3,564,67.58
2024-02-21,P019,14,2,495,19.87
2024-02-22,P019,25,7,247,47.94
2024-02-23,P019,27,5,463,26.17
2024-02-24,P019,36,3,535,88.71
2024-02-25,P019,25,4,227,62.19
2024-02-26,P019,18,9,422,37.11
2024-02-27,P019,23,2,571,76.75
2024-02-28,P019,21,2,275,71.93
2024-02-29,P019,17,2,369,77.35
2024-03-01,P019,31,8,375,17.89
2024-03-02,P019,22,2,398,66.22
2024-03-03,P019,21,2,468,74.71
2024-03-04,P019,24,2,484,39.2
2024-03-05,P019,21,4,300,82.3
2024-03-06,P019,31,3,397,12.77
2024-03-07,P019,31,9,206,54.03
2024-03-08,P019,22,6,220,62.33
2024-03-09,P019,25,5,433,68.7
2024-03-10,P019,27,7,512,31.02
2024-03-11,P019,20,9,433,38.37
2024-03-12,P019,17,5,547,86.91
2024-03-13,P019,20,2,430,15.09
2024-03-14,P019,17,9,230,56.44
2024-03-15,P019,32,9,217,44.3
2024-03-16,P019,23,6,549,93.66
2024-03-17,P019,19,5,224,46.47
2024-03-18,P019,26,7,261,85.47
2024-03-19,P019,24,4,449,75.7
2024-03-20,P019,18,6,583,30.56
2024-03-21,P019,30,6,363,20.65
2024-03-22,P019,26,5,495,56.11
2024-03-23,P019,18,8,532,69.53
2024-03-24,P019,31,8,279,11.31
2024-03-25,P019,25,5,487,26.46
2024-03-26,P019,21,9,334,94.62
2024-03-27,P019,31,7,420,68.84
2024-03-28,P019,22,5,589,14.86
2024-03-29,P019,23,5,230,54.47
2024-03-30,P019,27,3,566,53.36
2024-01-01,P020,47,7,234,86.39
2024-01-02,P020,45,8,220,89.64
2024-01-03,P020,42,8,532,53.08
2024-01-04,P020,26,9,414,17.88
2024-01-05,P020,47,4,394,48.9
2024-01-06,P020,44,2,225,20.91
2024-01-07,P020,32,2,526,74.09
2024-01-08,P020,34,4,280,33.46
2024-01-09,P020,46,7,555,79.23
2024-01-10,P020,43,7,360,20.97
2024-01-11,P020,41,7,406,52.78
2024-01-12,P020,38,2,435,97.19
2024-01-13,P020,44,4,590,17.11
2024-01-14,P020,45,7,454,92.24
2024-01-15,P020,36,5,420,33.51
2024-01-16,P020,32,7,357,64.37
2024-01-17,P020,53,7,314,33.33
2024-01-18,P020,52,2,496,75.85
2024-01-19,P020,45,6,290,50.25
2024-01-20,P020,37,6,390,85.51
2024-01-21,P020,37,8,240,71.82
2024-01-22,P020,52,3,393,34.58
2024-01-23,P020,35,2,411,76.19
2024-01-24,P020,37,2,353,19.18
2024-01-25,P020,39,5,201,72.42
2024-01-26,P020,40,4,435,70.94
2024-01-27,P020,46,8,337,75.06
2024-01-28,P020,35,9,347,63.02
2024-01-29,P020,40,3,556,10.96
2024-01-30,P020,28,4,448,19.84
2024-01-31,P020,47,3,543,86.96
2024-02-01,P020,40,8,294,12.81
2024-02-02,P020,49,2,282,25.81
2024-02-03,P020,47,7,335,31.1
2024-02-04,P020,41,8,523,33.14
2024-02-05,P020,55,6,304,10.89
2024-02-06,P020,36,5,449,31.68
2024-02-07,P020,33,3,324,39.81
2024-02-08,P020,37,5,534,57.96
2024-02-09,P020,38,3,491,90.37
2024-02-10,P020,40,8,294,86.53
2024-02-11,P020,35,6,407,30.73
2024-02-12,P020,42,9,458,17.47
2024-02-13,P020,34,2,507,83.46
2024-02-14,P020,43,3,427,76.81
2024-02-15,P020,46,9,241,69.7
2024-02-16,P020,39,8,272,31.8
2024-02-17,P020,34,3,572,71.12
2024-02-18,P020,38,4,417,85.5
2024-02-19,P020,42,7,396,81.15
2024-02-20,P020,33,6,464,72.19
2024-02-21,P020,39,6,433,46.25
2024-02-22,P020,45,4,386,38.88
2024-02-23,P020,36,6,331,19.28
2024-02-24,P020,54,5,298,74.08
2024-02-25,P020,39,9,258,96.65
2024-02-26,P020,32,2,280,43.87
2024-02-27,P020,38,4,517,49.26
2024-02-28,P020,35,3,481,53.78
2024-02-29,P020,37,7,328,31.24
2024-03-01,P020,46,2,374,10.61
2024-03-02,P020,33,6,593,35.99
2024-03-03,P020,33,6,321,39.73
2024-03-04,P020,45,3,440,41.57
2024-03-05,P020,46,9,415,61.03
2024-03-06,P020,45,2,217,19.98
2024-03-07,P020,39,2,200,15.27
2024-03-08,P020,37,5,462,78.47
2024-03-09,P020,39,9,410,38.2
2024-03-10,P020,37,3,233,18.79
2024-03-11,P020,51,4,224,42.36
2024-03-12,P020,32,7,379,28.27
2024-03-13,P020,40,6,455,18.72
2024-03-14,P020,42,6,587,14.42
2024-03-15,P020,44,7,253,71.59
2024-03-16,P020,38,4,490,81.8
2024-03-17,P020,39,9,472,98.29
2024-03-18,P020,43,9,325,26.51
2024-03-19,P020,46,5,410,11.26
2024-03-20,P020,44,9,432,72.64
2024-03-21,P020,38,8,228,63.0
2024-03-22,P020,41,4,383,48.02
2024-03-23,P020,39,6,464,12.26
2024-03-24,P020,45,4,338,21.48
2024-03-25,P020,51,5,454,50.24
2024-03-26,P020,40,9,268,56.88
2024-03-27,P020,48,6,367,72.84
2024-03-28,P020,35,3,336,56.23
2024-03-29,P020,36,2,499,78.78
2024-03-30,P020,47,4,281,67.6
